artifact_id,artifact_type,produced_by_task_id,path,integrity_type,integrity_value,validation_status,validation_evidence,evidence_row_ids,notes
ART-BUILD-REPO-SKELETON-001,BUILD_ARTIFACT,BPL-00.1,repo-skeleton-proof/tree.txt,SHA256,1e9644fbdb2ff1b019d2da56e400b4c8645d6833c0dcb8388dae87966b4ec18f,DONE,repo_structure_verified_2026-03-06,,
ART-DOC-CID-SPEC-001,DOC,TASK-01.1,specs/identity_cid_uuidv7.md,SHA256,72d18ef86bea3ad376306aa57f83e0050065203c45e3b267f23d891b5d89215b,VERIFIED,review_signed_2026-03-06,EP-01,
ART-CODE-CID-LIB-001,CODE,TASK-01.2,src/cid.py,SHA256,f496784b265f413c91cb355e5ecf06199e037fec37c82d6beec7b45a10873615,VERIFIED,unittest_discover_ok_2026-03-06,EP-01,
ART-TEST-CID-LIB-001,TEST_OUTPUT,TASK-01.2,tests/test_cid.py,SHA256,3cb2724ce47a2f58bee2e8a55d524392d73d1ab5ac8ecc5e00c390d9e4059ea1,VERIFIED,unittest_discover_ok_2026-03-06,EP-01,
ART-DOC-LEDGER-API-001,DOC,TASK-02.1,specs/ledger_api_and_ordering.md,SHA256,3f7be37052f6a3bbddcf2782503d55b6fe1a596482b02e8503218fbf67e466c2,VERIFIED,review_signed_2026-03-06,EP-02,
ART-CODE-LEDGER-LIB-001,CODE,TASK-02.2,src/ledger.py,SHA256,773ef978df834b7348c17654bf5c91525fa5a8e8505fd2222ab6c851850706ad,VERIFIED,unittest_discover_ok_2026-03-06,EP-02,
ART-TEST-LEDGER-LIB-001,TEST_OUTPUT,TASK-02.2,tests/test_ledger.py,SHA256,fc87dac740e784e2fc994a5a435f1b2d65bb07b883fdad0972390b14a71e4063,VERIFIED,unittest_discover_ok_2026-03-06,EP-02,
ART-CODE-ISSUERPROOF-LIB-001,CODE,TASK-03.2,src/issuer_proof.py,SHA256,bd3bda9e605902ae0b0f4d862a66e66e0e39477b5941862435545d842594518c,DONE,unittest_discover_ok_2026-03-06,,
ART-TEST-ISSUERPROOF-LIB-001,TEST_OUTPUT,TASK-03.2,tests/test_issuer_proof.py,SHA256,11c78876752075403c1f1e58f5ca9f00b422349175c5c74d9cc00b5ad4dcb3c8,DONE,unittest_discover_ok_2026-03-06,,
ART-CODE-EVALUATOR-LIB-001,CODE,TASK-04.2,src/evaluator.py,SHA256,f43327f1b76f038cd98eb38a34341760a1c65d30cff2e80ce4ab9b56a2cdef89,DONE,unittest_discover_ok_2026-03-06,,
ART-TEST-EVALUATOR-LIB-001,TEST_OUTPUT,TASK-04.2,tests/test_evaluator.py,SHA256,cd7c171a7cd1862b8b6c57b1c3dae247cf2ccd460e7fa9b26eed97b7f794e076,DONE,unittest_discover_ok_2026-03-06,,
ART-SCHEMA-RELEASE-MANIFEST-001,SCHEMA,TASK-05.1,schemas/release_manifest.schema.json,SHA256,5043181750b6c823fa81727cc4961fd0331c116c7c5362afec8da165a6d72a36,VERIFIED,jsonschema_successful_2026-03-06,EP-03,
ART-SCHEMA-RUNTIME-LOAD-001,SCHEMA,TASK-05.1,schemas/runtime_load_manifest.schema.json,SHA256,6833998155cfd79d1acf55136c65445db1768ba4fb6a2c3e3fa3979a54a2ae3c,VERIFIED,jsonschema_successful_2026-03-06,EP-03,
ART-CODE-PACKAGER-001,CODE,TASK-05.2,tools/packager.py,SHA256,B590B25FBF9C6309EE431E584DBDAA128E3F99A3F9F40DBC795674A47F261BF5,VERIFIED,unittest_discover_ok_2026-03-06,EP-03,
ART-TEST-PACKAGER-001,TEST_OUTPUT,TASK-05.2,tests/test_packager.py,SHA256,75DE1520A5CBAFE3BEACC3072794E5FE11AF1542EBA03DB67A3273B7EC409A59,VERIFIED,unittest_discover_ok_2026-03-06,EP-03,
ART-CODE-LOADER-001,CODE,TASK-05.3,src/loader.py,SHA256,0329621a2b371026b120823abaf1eea0e354f9c6b5223267ce8c3de0febe9f15,VERIFIED,unittest_discover_ok_2026-03-06,EP-04,
ART-TEST-LOADER-001,TEST_OUTPUT,TASK-05.3,tests/test_loader.py,SHA256,8f8eb860bc0c693b09ec32951b082a580330c444588af9726ab2c099a7bf5655,VERIFIED,unittest_discover_ok_2026-03-06,EP-04,
ART-BUILD-SUPPORT-ONTO-001,BUILD_ARTIFACT,TASK-06.1,dist/SupportOntologyRelease-v0.1.0/SupportOntologyRelease-v0.1.0.tar.gz,SHA256,6b22c0a9c9318eb69dc48bb8caf040d06165b10d24b6f435a612be45ed90151d,VERIFIED,loader_verified_2026-03-06,EP-05,
ART-BUILD-SCR-TBOX-001,BUILD_ARTIFACT,TASK-06.2,dist/SCR_TBox_Release-v0.1.0/SCR_TBox_Release-v0.1.0.tar.gz,SHA256,8f092e9058f4dc9d98f39b285df6e3d06e804828a638a5407b3f12625730d36d,VERIFIED,loader_verified_2026-03-06,EP-05,
ART-REPORT-PHASE0-001,REPORT,BPL-07.1,verification_report.md,SHA256,e38c3e67891e2cb65531a2f88517da9aad9c4fb532ada66e9f3b1bffd6fe5edd,DONE,phase0_gate_report_2026-03-06,EP-01;EP-02;EP-03;EP-04;EP-05,
ART-DOC-ISSUERPROOF-SPEC-001,DOC,TASK-03.1,specs/issuerproof_v1.md,SHA256,d9b4d4ea7ffb68600d0f6997aef3eb4028a0ad66bf1ab6ed3fc378f883e1e7c7,VERIFIED,unittest_task031_verify_valid_proof_ok_2026-03-06,EP-02,IssuerProof spec artifact bound to TASK-03.1
ART-DOC-EVALUATOR-BOUNDARY-SPEC-001,DOC,TASK-04.1,specs/evaluator_boundary_v1.md,SHA256,7803361836b777fe71d238b832cc15768398ffc2f07b7f93f19a746318b151d5,VERIFIED,unittest_task041_evaluator_boundary_ok_2026-03-06,EP-04,Evaluator boundary spec artifact bound to TASK-04.1
ART-DOC-CANONICAL-SPEC-SET-001,DOC,TASK-09.1,specs/spec_upgrade/canonical_spec_set_v1.md,SHA256,b2f98f44d7c1523d39c3e09d0bf5cb006556149caef1ec4c7b71dbf3f9ad3504,DONE,canonical_spec_set_v1_baselined_2026-03-06,EP-09,Canonical set baseline for P1-009 migration program
ART-DOC-MIGRATION-DELTA-REGISTER-001,DOC,TASK-09.2,specs/spec_upgrade/migration_delta_register_v1.md,SHA256,0667ed67ac78cd6b7edd5d02655aca9c5713401605b0146d1b33f1735ac521e7,DONE,migration_delta_register_v1_completed_2026-03-06,EP-09,Delta register for spec upgrade wave 1
ART-DOC-SPEC-CONTRACT-VALIDATION-MATRIX-001,DOC,TASK-09.3,specs/spec_upgrade/spec_contract_validation_matrix_v1.md,SHA256,bb7a71c88c8c5c8d9ac50af4e6b46e068de8728a0a53e85880626b999abbf725,DONE,spec_contract_validation_matrix_v1_completed_2026-03-06,EP-09,Contract validation matrix for spec upgrade wave 1
ART-REPORT-PILOT-MIGRATION-001,REPORT,TASK-09.4,specs/spec_upgrade/pilot_migration_report_v1.md,SHA256,39efbbb8aa3404f8b4afd0a6af6893d5bc69cd516f9726c5d25f358272083833,DONE,pilot_migration_report_v1_completed_2026-03-06,EP-09,Pilot migration report for spec upgrade wave 1
ART-DOC-WAVE2-CANONICAL-SPEC-SET-001,DOC,TASK-10.1,specs/spec_upgrade/wave2_canonical_spec_set_v1.md,SHA256,0241c70a134c276632cc78e0acaeaff18690fb36964470a1294a66f5aa1cd227,DONE,wave2_canonical_spec_set_v1_completed_2026-03-06,EP-10,Wave-2 canonical baseline artifact
ART-DOC-WAVE2-MIGRATION-DELTA-REGISTER-001,DOC,TASK-10.2,specs/spec_upgrade/wave2_migration_delta_register_v1.md,SHA256,14533ed039cc279a1cac59b35a29db57d183857d394a08d930077f4a47727843,DONE,wave2_migration_delta_register_v1_completed_2026-03-06,EP-10,Wave-2 migration delta register artifact
ART-DOC-WAVE2-SPEC-CONTRACT-VALIDATION-MATRIX-001,DOC,TASK-10.3,specs/spec_upgrade/wave2_spec_contract_validation_matrix_v1.md,SHA256,057692afac1bee359847d58e5ef04cb42e2d51a0b6b8c3a39a4de487ed0c623f,DONE,wave2_spec_contract_validation_matrix_v1_completed_2026-03-06,EP-10,Wave-2 validation matrix artifact
ART-REPORT-WAVE2-PILOT-MIGRATION-001,REPORT,TASK-10.4,specs/spec_upgrade/wave2_pilot_migration_report_v1.md,SHA256,2280517bf18a7e5122f79afa42e413b34dbf226e2929c846a5c2faad78d97275,DONE,wave2_pilot_migration_report_v1_completed_2026-03-06,EP-10,Wave-2 pilot migration report artifact
ART-DOC-PRODUCT-RUNTIME-MAP-001,DOC,TASK-11.1,specs/product_runtime_mapping_v1.md,SHA256,48D863F7D0B889E8E5DA728E7E39015628101538B3F87C96CF8EF02F0AA31CE6,DONE,product_runtime_mapping_v1_completed_2026-03-06,EP-11,Product runtime mapping for ontoForge_03 implementation planning
ART-DOC-PRODUCT-EVENT-MODEL-001,DOC,TASK-11.2,specs/product_event_model_v1.md,SHA256,ac9c6f21c00601460efd47d298a57a58b12e75786414c5c70dd0eae4a37b6a85,DONE,product_event_model_v1_completed_2026-03-06,EP-11,"Product event model for authority, execution, denial, suspension, and control-state semantics"
ART-DOC-PRODUCT-BOUNDARY-OBJECTS-001,DOC,TASK-11.3,specs/product_boundary_objects_v1.md,SHA256,ba2d496a9ae57aeb08fa2c27a300b2b4c42ae083431327770e297860fffb9ed9,DONE,product_boundary_objects_v1_completed_2026-03-07,EP-11,Product boundary object contract for release and load chain discipline
ART-SCHEMA-RELEASE-MANIFEST-V2-001,SCHEMA,TASK-12.1,schemas/release_manifest.schema.json,SHA256,5043181750b6c823fa81727cc4961fd0331c116c7c5362afec8da165a6d72a36,DONE,boundary_schemas_uplift_verified_2026-03-07,EP-12,Release manifest schema upgraded to product boundary v2
ART-SCHEMA-RUNTIME-LOAD-MANIFEST-V2-001,SCHEMA,TASK-12.1,schemas/runtime_load_manifest.schema.json,SHA256,6833998155cfd79d1acf55136c65445db1768ba4fb6a2c3e3fa3979a54a2ae3c,DONE,boundary_schemas_uplift_verified_2026-03-07,EP-12,Runtime load manifest schema upgraded to tenant-boundary v2
ART-TEST-BOUNDARY-SCHEMAS-001,TEST_OUTPUT,TASK-12.1,tests/test_boundary_schemas.py,SHA256,57ec7dfa160eed9d4f4cb3d000612361612f77643f62f9bfa418edd737aed9be,DONE,boundary_schemas_uplift_verified_2026-03-07,EP-12,Schema contract assertions for v2 boundary fields
ART-CODE-PACKAGER-BOUNDARY-V2-001,CODE,TASK-12.2,tools/packager.py,SHA256,B590B25FBF9C6309EE431E584DBDAA128E3F99A3F9F40DBC795674A47F261BF5,DONE,packager_boundary_manifest_verified_2026-03-07,EP-12,Packager emits v2 manifests with dependency and evidence metadata
ART-TEST-PACKAGER-BOUNDARY-V2-001,TEST_OUTPUT,TASK-12.2,tests/test_packager.py,SHA256,75DE1520A5CBAFE3BEACC3072794E5FE11AF1542EBA03DB67A3273B7EC409A59,DONE,packager_boundary_manifest_verified_2026-03-07,EP-12,Packager tests for manifest v2 and evidence hashing
ART-CODE-LOADER-BOUNDARY-V2-001,CODE,TASK-12.3,src/loader.py,SHA256,0329621a2b371026b120823abaf1eea0e354f9c6b5223267ce8c3de0febe9f15,DONE,loader_boundary_discipline_verified_2026-03-07,EP-12,Loader enforces tenant/load/dependency/evidence checks for v2 manifests
ART-TEST-LOADER-SECURITY-V2-001,TEST_OUTPUT,TASK-12.3,tests/test_loader.py,SHA256,8f8eb860bc0c693b09ec32951b082a580330c444588af9726ab2c099a7bf5655,DONE,loader_boundary_discipline_verified_2026-03-07,EP-12,Loader security and admissibility tests for v2 manifests
ART-TEST-BOUNDARY-LOAD-DISCIPLINE-001,TEST_OUTPUT,TASK-12.4,tests/test_boundary_load_discipline.py,SHA256,121A922BD50ABC58B3624CDFA6677F23DF33ECD3D065AC0FF78E0FF7C46198A9,DONE,boundary_rejection_tests_verified_2026-03-07,EP-12,"Negative tests for missing evidence, tenant mismatch, and dependency breakage"
ART-DOC-RUNTIME1-ENGINE-SPEC-001,DOC,TASK-13.1,specs/runtime1_support_release_engine_v1.md,SHA256,AF1BA593EEF4B7BCF446F2CBD6E808887A18A5EF7BC43D7B9AAC9A675DA27AAD,DONE,runtime1_boundary_contract_defined_2026-03-07,EP-13,Runtime 1 service-boundary contract for support release engine
ART-CODE-RUNTIME1-ENGINE-001,CODE,TASK-13.2,runtime/runtime1_engine.py,SHA256,f651525579cabc7e3338332e69f58fc4a6672b8ca7a024213db4cef1f11c45ac,DONE,runtime1_engine_api_verified_2026-03-07,EP-13,Runtime 1 engine implementation for release candidate evaluation and build
ART-CODE-RUNTIME1-API-001,CODE,TASK-13.2,runtime/main.py,SHA256,ea8f1c5d256a87f9eacdf0a7b2d9e5e25d45d4606d5a5a94657194b7582f99b8,DONE,runtime1_engine_api_verified_2026-03-07,EP-13,Runtime API endpoints for Runtime 1 evaluation and build operations
ART-BUILD-SUPPORT-ONTO-V2-001,BUILD_ARTIFACT,TASK-13.3,dist/SupportOntologyRelease-v0.2.0/SupportOntologyRelease-v0.2.0.tar.gz,SHA256,98D6D7D18535407C5CB0F2D707FB46DFAFB62FEF5AB24DBACCAF07988757C260,DONE,support_release_v2_built_2026-03-07,EP-13,Evidence-bound SupportOntologyRelease package produced by Runtime 1 engine
ART-MANIFEST-SUPPORT-ONTO-V2-001,BUILD_ARTIFACT,TASK-13.3,dist/SupportOntologyRelease-v0.2.0/release_manifest.json,SHA256,ACA50C5688B63ACB61A41A8C2DD24AE0A4796D47096AD14A45038D3CCEE6966A,DONE,support_release_v2_built_2026-03-07,EP-13,Support release manifest v2 with digest-bound payload and evidence entries
ART-EVIDENCE-SUPPORT-ONTO-V2-001,BUILD_ARTIFACT,TASK-13.3,dist/SupportOntologyRelease-v0.2.0/_evidence_src/release_candidate_evaluation.json,SHA256,75979b01e0979068d1a7f8dbe19c08722956c9405646d905ffffda20f3993ff6,DONE,support_release_v2_built_2026-03-07,EP-13,Runtime 1 release candidate evaluation evidence
ART-EVIDENCE-SUPPORT-ONTO-V2-002,BUILD_ARTIFACT,TASK-13.3,dist/SupportOntologyRelease-v0.2.0/_evidence_src/release_candidate_checks.jsonl,SHA256,151cb2e521627392b12510869d15e6eac8731e648682fc9f01207cac546093c7,DONE,support_release_v2_built_2026-03-07,EP-13,Runtime 1 check-level evidence stream
ART-TEST-RUNTIME1-ENGINE-001,TEST_OUTPUT,TASK-13.4,tests/test_runtime1_engine.py,SHA256,b49107eac2f17b54faf6f18be440b9ef01cf72acc002ee5a5e5a90afbf7d8aad,DONE,runtime1_loader_verification_passed_2026-03-07,EP-13,Runtime 1 engine tests for evaluation/build/load verification
ART-CODE-PACKAGER-DETERMINISTIC-001,CODE,TASK-14.1,tools/packager.py,SHA256,B590B25FBF9C6309EE431E584DBDAA128E3F99A3F9F40DBC795674A47F261BF5,DONE,runtime1_deterministic_build_verified_2026-03-07,EP-14,Deterministic package build mode for boundary manifests
ART-CODE-RUNTIME1-ENGINE-HARDENING-001,CODE,TASK-14.2,runtime/runtime1_engine.py,SHA256,f651525579cabc7e3338332e69f58fc4a6672b8ca7a024213db4cef1f11c45ac,DONE,runtime1_schema_promotion_gate_verified_2026-03-07,EP-14,Runtime 1 schema-gate enforcement and promotion decision flow
ART-CODE-RUNTIME1-API-HARDENING-001,CODE,TASK-14.2,runtime/main.py,SHA256,ea8f1c5d256a87f9eacdf0a7b2d9e5e25d45d4606d5a5a94657194b7582f99b8,DONE,runtime1_schema_promotion_gate_verified_2026-03-07,EP-14,Runtime 1 API request/response boundary updated for hardening controls
ART-REPORT-RUNTIME1-PROMOTION-001,REPORT,TASK-14.2,dist/SupportOntologyRelease-v0.2.0/promotion_decision.json,SHA256,1619605A8F3CBCAC023916CC0CF9374DE390E366EFC9E148D0B212CAF6AB284B,DONE,runtime1_schema_promotion_gate_verified_2026-03-07,EP-14,Runtime 1 promotion decision artifact emitted after loader gate
ART-TEST-RUNTIME1-HARDENING-001,TEST_OUTPUT,TASK-14.2,tests/test_runtime1_engine.py,SHA256,b49107eac2f17b54faf6f18be440b9ef01cf72acc002ee5a5e5a90afbf7d8aad,DONE,runtime1_schema_promotion_gate_verified_2026-03-07,EP-14,Runtime 1 hardening tests for deterministic build and promotion decision
ART-DOC-RUNTIME1-HARDENING-001,DOC,TASK-14.3,specs/runtime1_hardening_addendum_v1.md,SHA256,4a3abd13a569ebf417b52f9c203033da9bf3ce5156d276b2d897cf548c8af16e,DONE,runtime1_hardening_addendum_completed_2026-03-07,EP-14,Runtime 1 hardening addendum and closure criteria
ART-DOC-SUPPORT-TTL-INVENTORY-001,DOC,TASK-15.1,specs\support_ontology_ttl_inventory_v1.md,SHA256,43eeb16a89a6053b8c90c68707427172e8b15c02957c39697456fe9f7e39e3b2,DONE,support_ontology_ttl_inventory_v1_completed_2026-03-07,EP-15,Inventory of existing ttl assets with role classification and out-of-scope triage list
ART-DOC-EXTERNAL-ONTO-POLICY-001,DOC,TASK-15.4,specs/support_ontology_external_ontology_policy_v1.md,SHA256,902c29d74bf07704cdca44a3c329181563c4093aaed9e6d9ef3641db0c949054,DONE,support_ontology_external_policy_v1_completed_2026-03-07,EP-15,Approved external ontology policy with gated non-binding-to-binding promotion controls
ART-DATA-EXTERNAL-MAP-CANDIDATES-001,DOC,TASK-15.4,specs/support_ontology_external_mapping_candidates_v1.csv,SHA256,2245369f5fdfcbbdacec46bcd0c6d6a87a138e5ac4aeb2d54e17f3d4fb830ec7,DONE,support_ontology_external_policy_v1_completed_2026-03-07,EP-15,Seed external mapping candidate register retained in non-binding proposed state
ART-DOC-SUPPORT-TTL-ADMISSION-001,DOC,TASK-15.2,specs/support_ontology_ttl_admission_register_v1.md,SHA256,8f0f13714e309586f0572995df9fcc995256c7bac65a6698502ef2f61da44d0a,DONE,ttl_admission_register_v1_approved_2026-03-07,EP-15,Approved TTL admission register with explicit user decisions and binding rules
ART-DOC-SUPPORT-GOV-MODEL-001,DOC,TASK-15.3,specs/support_ontology_governance_incorporation_model_v1.md,SHA256,9312EB42DF37CF87D7F4544977F708A5DA4BB0BD985E2F04B7A77603F88191CD,DONE,support_ontology_governance_model_v1_completed_2026-03-07,EP-15,Governance incorporation model defining belief risk objective translation boundary
ART-DOC-SUPPORT-ID-MVP-BOUNDARY-001,DOC,TASK-15.5,specs/support_ontology_identifier_and_mvp_boundary_v1.md,SHA256,45DD60FF3CD2E02A7A728AA8282A740657E84B1859179A4F8E2CB1F7587AC185,DONE,support_ontology_identifier_mvp_boundary_v1_completed_2026-03-07,EP-15,Identifier and MVP admissibility boundary with explicit DD anchor placement rules
ART-DOC-SUPPORT-RELEASE-COMPOSITION-001,DOC,TASK-16.1,specs/support_ontology_release_composition_v1.md,SHA256,FD7E13081EA711E340055FCB5139F63B9FA33118F83AB0BA582613DA4B1D1416,DONE,support_ontology_release_composition_v1_completed_2026-03-07,EP-16,SupportOntologyRelease composition contract with canonical payload membership and exclusions
ART-DOC-SUPPORT-NAMESPACE-POLICY-001,DOC,TASK-16.2,specs/support_ontology_namespace_policy_v1.md,SHA256,d1bf94b91ab283eadaa6e91db625ce6c863ce0411abdf622a4da1f31c590b435,DONE,support_ontology_namespace_policy_v1_completed_2026-03-07,EP-16,Namespace/import/version policy with strict MVP closure and governed facade architecture controls
ART-DOC-SUPPORT-RELEASE-PAYLOAD-CONTRACT-001,DOC,TASK-16.3,specs/support_ontology_release_payload_contract_v1.md,SHA256,66ecca4e5420a3f5418947b2fafb0f3531f111a014c1220f19e47f3ea1e51653,DONE,support_ontology_release_payload_contract_v1_completed_2026-03-07,EP-16,"Runtime1 canonical payload contract defining members, exclusions, and manifest primary-file behavior"
ART-DOC-SUPPORT-CSC-STAGE-MODEL-001,DOC,TASK-17.1,specs/support_ontology_csc_stage_model_v1.md,SHA256,e2ed6d081a8d60a62054bd689263485216f199ade9174bd36acd80e21f5e65ce,DONE,support_ontology_csc_stage_model_v1_completed_2026-03-07,EP-17,CSC stage model mapping S1-S7 semantics to support-layer roles and runtime boundaries
ART-DOC-RUNTIME-INST-ADDENDUM-001,DOC,TASK-17.1,specs/product_runtime_instantiation_clarification_addendum_2026-03-07.md,SHA256,dd9faac85b9e73e0bd5e74f10e374c5087a3d4c969b14d8aa0351437bbd37dfd,DONE,runtime_instantiation_clarification_addendum_added_2026-03-07,EP-17,"Directional architectural addendum clarifying internal lifecycle candidates, runtime instantiation, boundary objects, and Runtime 3 operational instantiation."
ART-DOC-SUPPORT-EXEC-PROGRAM-001,DOC,TASK-18.1,bootstrap/plans/archive/support_ontology_execution_program_v1.completed_2026-03-07.md,SHA256,84C58EF4290A57BA0C572E07D61C691847162D56BDC93CD91F2EA418A4275A94,DONE,support_ontology_execution_program_v1_completed_2026-03-07,EP-18,"Execution program controlling SO-W2 closure, addendum alignment, and Runtime 2 readiness sequencing"
ART-DOC-PHASE1-EXEC-PLAN-001,DOC,TASK-18.2,bootstrap/plans/phase1_execution_plan.md,SHA256,22284ff546c3d13a1ad75dbc53ddd247c71c207d9897e675dddc8b53b31d60aa,DONE,execution_admin_controls_merged_2026-03-08,EP-18,Bridge control refreshed: successor WS-02/03 marked complete; forward rows projection-locked under bundle-first mode.
ART-DOC-SUPPORT-INVARIANT-MODEL-001,DOC,TASK-17.2,specs/support_ontology_invariant_model_v1.md,SHA256,61D47296FD1EB061F38A66A6A1842F3446C25024239C2045039E35A9B0EFEB71,DONE,support_ontology_invariant_model_v1_completed_2026-03-07,EP-17,"Support-layer invariant taxonomy with family grouping, non-permissive outcome model, and reason-code alignment rules"
ART-DOC-BOUNDARY-OBJECT-REFRESH-001,DOC,TASK-18.3,specs/product_boundary_objects_v1.md,SHA256,ba2d496a9ae57aeb08fa2c27a300b2b4c42ae083431327770e297860fffb9ed9,DONE,boundary_object_translation_docs_refreshed_2026-03-07,EP-18,Boundary-object translation refresh aligned to runtime-instantiation addendum and corrected repo-state mapping
ART-DOC-SUPPORT-MACHINE-CONTRACT-MAP-001,DOC,TASK-17.3,specs/support_ontology_machine_contract_map_v1.md,SHA256,3E567677C78412EA369AE948F4CAA5A22C5F053DD37EE797497DD3C0CD329E16,DONE,support_ontology_machine_contract_map_v1_completed_2026-03-07,EP-17,"Machine-form allocation map for lifecycle and invariant semantics across ontology, SHACL, and deterministic validators"
ART-CODE-RUNTIME1-CANONICAL-PAYLOAD-001,CODE,TASK-18.4,runtime/runtime1_engine.py,SHA256,f651525579cabc7e3338332e69f58fc4a6672b8ca7a024213db4cef1f11c45ac,DONE,runtime1_canonical_payload_aligned_2026-03-07,EP-18,Runtime 1 engine updated to package canonical kernel plus SHACL payload and explicit primary_file.
ART-CODE-PACKAGER-PRIMARY-FILE-001,CODE,TASK-18.4,tools/packager.py,SHA256,B590B25FBF9C6309EE431E584DBDAA128E3F99A3F9F40DBC795674A47F261BF5,DONE,runtime1_canonical_payload_aligned_2026-03-07,EP-18,Packager supports explicit primary_file selection so canonical payload manifests remain semantically ordered.
ART-TEST-RUNTIME1-CANONICAL-PAYLOAD-001,TEST_OUTPUT,TASK-18.4,tests/test_runtime1_engine.py,SHA256,b49107eac2f17b54faf6f18be440b9ef01cf72acc002ee5a5e5a90afbf7d8aad,DONE,runtime1_canonical_payload_aligned_2026-03-07,EP-18,"Runtime 1 tests assert canonical payload membership, primary_file, and support.ttl exclusion."
ART-MANIFEST-SUPPORT-ONTO-CANONICAL-PAYLOAD-001,BUILD_ARTIFACT,TASK-18.4,dist/SupportOntologyRelease-v0.2.0/release_manifest.json,SHA256,ACA50C5688B63ACB61A41A8C2DD24AE0A4796D47096AD14A45038D3CCEE6966A,DONE,runtime1_canonical_payload_aligned_2026-03-07,EP-18,Rebuilt SupportOntologyRelease manifest declares ontology/kernel.ttl as primary_file and only kernel payload members.
ART-CODE-LOADER-RUNTIME3-SPLIT-001,CODE,TASK-18.5,src/loader.py,SHA256,0329621a2b371026b120823abaf1eea0e354f9c6b5223267ce8c3de0febe9f15,DONE,runtime3_load_binding_gate_hardened_2026-03-07,EP-18,Introduces explicit Runtime 3 loader path and rejects SCR_TBox runtime loading on generic verification path.
ART-TEST-LOADER-RUNTIME3-SPLIT-001,TEST_OUTPUT,TASK-18.5,tests/test_loader.py,SHA256,8f8eb860bc0c693b09ec32951b082a580330c444588af9726ab2c099a7bf5655,DONE,runtime3_load_binding_gate_hardened_2026-03-07,EP-18,Covers positive Runtime 3 path plus negative cases for generic-vs-runtime3 separation.
ART-TEST-BOUNDARY-RUNTIME3-SPLIT-001,TEST_OUTPUT,TASK-18.5,tests/test_boundary_load_discipline.py,SHA256,121A922BD50ABC58B3624CDFA6677F23DF33ECD3D065AC0FF78E0FF7C46198A9,DONE,runtime3_load_binding_gate_hardened_2026-03-07,EP-18,Boundary discipline tests now run via Runtime 3 loader entrypoint.
ART-DOC-P1-019-DECOMP-001,DOC,TASK-19.1,bootstrap/plans/programs/p1/p1_019_so_w3_execution_decomposition_v1.md,SHA256,2a28b47b58c874636a549bbb4331b8536a9cfeceaafe02733b4e3bc418544ee7,DONE,p1_019_decomposition_defined_2026-03-07,EP-19,Execution decomposition plan for SO-W3 with task-level sequencing and gate definition.
ART-DOC-SUPPORT-AUTHORITY-MODEL-001,DOC,TASK-19.2,specs/support_ontology_authority_model_v1.md,SHA256,0A239A2B104A32947165BD6DD5292D42DF122C9064225654DF68C35FB5A87E93,DONE,support_ontology_authority_model_v1_completed_2026-03-07,EP-19,Support ontology authority and issuance subset model for Runtime-2 compile-safe semantics and boundary-safe non-conflation.
ART-DOC-SUPPORT-OPERATION-MODEL-001,DOC,TASK-19.3,specs/support_ontology_operation_model_v1.md,SHA256,728FE9E61B786EBF94F9FBE71169CAA3BAA858C47634837FCC2513B86C72D021,DONE,support_ontology_operation_model_v1_completed_2026-03-07,EP-19,"Support ontology operation/control subset model for Runtime-2 compile-safe authorization, eligibility, denial, and control-state semantics."
ART-DOC-SUPPORT-TARGET-SCOPE-ACTION-MODEL-001,DOC,TASK-19.4,specs/support_ontology_target_scope_action_model_v1.md,SHA256,93520F5533525247234D72A5068877120C7CDBEC6C3EEBBB30C64C7534B1062E,DONE,support_ontology_target_scope_action_model_v1_completed_2026-03-07,EP-19,Support ontology target/scope/action/effect subset model for Runtime-2 compile-safe explicit semantics and no implicit expansion.
ART-DOC-SUPPORT-W3-COMPILER-REVIEW-001,DOC,TASK-19.5,specs/support_ontology_w3_compiler_vocabulary_review_v1.md,SHA256,CB2C09714D3D1EC340969C307E5CC8B5B3021D166C524219FA4F938951B84677,DONE,support_ontology_w3_compiler_vocabulary_review_v1_completed_2026-03-07,EP-19,"SO-W3 integration review closure note with cross-model consistency, addendum boundary checks, and SO-W4 handoff readiness."
ART-DOC-P1-020-DECOMP-001,DOC,TASK-20.1,bootstrap/plans/programs/p1/p1_020_so_w4_execution_decomposition_v1.md,SHA256,60d414c7c6e181c6fd6aa49e47d816c62d417f44bc044d11a5d209976c096790,DONE,p1_020_decomposition_defined_2026-03-07,EP-20,Execution decomposition plan for SO-W4 with task-level sequencing and gate definition.
ART-DOC-RUNTIME2-TENANT-INPUT-CONTRACT-001,DOC,TASK-20.2,specs/runtime2_tenant_workflow_input_contract_v1.md,SHA256,80B663D830C7BCB8B8754A4CCA845374FB321A82160DEF00A6EAA9418109DED0,DONE,runtime2_tenant_workflow_input_contract_v1_completed_2026-03-07,EP-20,Runtime 2 minimum tenant workflow input contract for first compile with explicit fail-closed admissibility semantics.
ART-DOC-RUNTIME2-COMPILED-PRIMITIVES-001,DOC,TASK-20.3,specs/runtime2_compiled_control_primitives_v1.md,SHA256,8552A3E4DAA6F7B038366005F12A8EC1AA393BE43BCAA3B1D85E2E43329FB793,DONE,runtime2_compiled_control_primitives_v1_completed_2026-03-07,EP-20,Runtime 2 compiled control primitive output contract for SCR_TBox_Release with explicit dependency/evidence/load-meaning semantics.
ART-DOC-RUNTIME2-ADMISSIBILITY-MATRIX-001,DOC,TASK-20.4,specs/runtime2_support_admissibility_matrix_v1.md,SHA256,AD388586299E5E6A3FFF21576C60FAB034D3E98B6E1910D3778D4917C908C8EC,DONE,runtime2_support_admissibility_matrix_v1_completed_2026-03-07,EP-20,Runtime 2 support-to-compiler admissibility matrix mapping feature families to deterministic checks and non-permissive outcomes.
ART-DOC-RUNTIME2-COMPILER-BASELINE-REVIEW-001,DOC,TASK-20.5,specs/runtime2_compiler_contract_baseline_review_v1.md,SHA256,FD6E088BE34C2833B3C3E76E6E4762F39244E034E020A6CAC73FC56578CE4EA2,DONE,runtime2_compiler_contract_baseline_review_v1_completed_2026-03-07,EP-20,"SO-W4 integration review closure note confirming cross-model consistency, boundary discipline, and SO-W5 handoff readiness."
ART-DOC-P1-021-DECOMP-001,DOC,TASK-21.1,bootstrap/plans/programs/p1/p1_021_so_w5_execution_decomposition_v1.md,SHA256,a2d4e030247ad4eff04d9d4e790743f020e57b22f6eed8f4c83741ecad95feec,DONE,p1_021_decomposition_defined_2026-03-07,EP-21,Execution decomposition plan for SO-W5 with task-level sequencing and gate definition.
ART-DOC-SUPPORT-VALIDATION-UPLIFT-001,DOC,TASK-21.2,specs/support_ontology_validation_uplift_v1.md,SHA256,CC8EAD341E52181CCF11294D6544A83348D2AF47A56058792F7E9943859AFB53,DONE,support_ontology_validation_uplift_v1_completed_2026-03-07,EP-21,Ontology and SHACL uplift target backlog for Runtime-2 fail-closed validation gate coverage.
ART-DOC-RUNTIME2-SEMANTIC-GATE-REQ-001,DOC,TASK-21.3,specs/runtime2_semantic_gate_requirements_v1.md,SHA256,A9C54EBB77210D5CECA1E66A389D4D360B5A6BADD2BD92F4428A3922A2657CBE,DONE,runtime2_semantic_gate_requirements_v1_completed_2026-03-07,EP-21,Deterministic non-SHACL validator requirements for Runtime-2 admissibility gates.
ART-DOC-SUPPORT-REASONCODE-EVIDENCE-001,DOC,TASK-21.4,specs/support_ontology_reasoncode_evidence_contract_v1.md,SHA256,8F776E00B168B2E3633AEED4A0685032457FFC6512C2347194F5049C36A9E94F,DONE,support_ontology_reasoncode_evidence_contract_v1_completed_2026-03-07,EP-21,Reason-code and evidence output contract for Runtime-2 validation outcomes.
ART-DOC-SUPPORT-VALIDATION-GATE-REVIEW-001,DOC,TASK-21.5,specs/support_ontology_validation_gate_review_v1.md,SHA256,5BF5A36A9692CF8065E29F64919A299A2D02568D09C267A399D0E4563A5F9846,DONE,support_ontology_validation_gate_review_v1_completed_2026-03-07,EP-21,SO-W5 integration review closure note confirming validation gate consistency and SO-W6 handoff readiness.
ART-DOC-P1-022-DECOMP-001,DOC,TASK-22.1,bootstrap/plans/programs/p1/p1_022_so_w6_execution_decomposition_v1.md,SHA256,32c6a950cedee05eaea906787e35da68eb8704f399a8005319a01c8673bd32d0,DONE,p1_022_decomposition_defined_2026-03-07,EP-22,Execution decomposition plan for SO-W6 with task-level sequencing and gate definition.
ART-DOC-SUPPORT-TRACEABILITY-MODEL-001,DOC,TASK-22.2,specs/support_ontology_traceability_model_v1.md,SHA256,7EAAA485636836156AE1A6F9A3AC71CAD63BAFA65C1F53F733E3F58138B9E467,DONE,support_ontology_traceability_model_v1_completed_2026-03-07,EP-22,SO-W6 doctrinal and lifecycle traceability model for support-layer machine contract lineage.
ART-DOC-SUPPORT-RELEASE-PROVENANCE-001,DOC,TASK-22.3,specs/support_release_provenance_model_v1.md,SHA256,541B58B8A219B996BEE20F1A5444F0AAC65A2F5330AAEDFED7192B6C530E8098,DONE,support_release_provenance_model_v1_completed_2026-03-07,EP-22,SO-W6 Runtime-1 support release provenance and issuance evidence contract.
ART-DOC-SUPPORT-TBOX-DEPENDENCY-PROVENANCE-001,DOC,TASK-22.4,specs/support_to_tbox_dependency_provenance_v1.md,SHA256,C8730362B5D656AE9FEFD7285662B4119CC351203B04017CFC712E600C2B92D7,DONE,support_to_tbox_dependency_provenance_v1_completed_2026-03-07,EP-22,SO-W6 exact support-to-tbox dependency provenance rules for runtime-boundary lineage checks.
ART-DOC-SUPPORT-PROVENANCE-TRACEABILITY-REVIEW-001,DOC,TASK-22.5,specs/support_ontology_provenance_traceability_review_v1.md,SHA256,ECFC2A19F27CE4205A881A2CA5E7D52D2DF2D233AD86F48C39A522C0ECCA922F,DONE,support_ontology_provenance_traceability_review_v1_completed_2026-03-07,EP-22,SO-W6 integration review closure note and handoff readiness statement for SO-W7.
ART-DOC-P1-023-DECOMP-001,DOC,TASK-23.1,bootstrap/plans/programs/p1/p1_023_so_w7_execution_decomposition_v1.md,SHA256,77c17b50bdb2fb26c3c6ccbb091396d1bb5c31e34f8bce475013bf580b2a6641,DONE,p1_023_decomposition_defined_2026-03-07,EP-23,Execution decomposition plan for SO-W7 with task-level sequencing and gate definition.
ART-DOC-SUPPORT-POSITIVE-FIXTURE-SET-001,DOC,TASK-23.2,specs/support_ontology_positive_fixture_set_v1.md,SHA256,D82479D0DD48C305910EB9A8AAF5EE85E30121E1B5E77552BCA0AA49A67239E0,DONE,support_ontology_positive_fixture_set_v1_completed_2026-03-07,EP-23,SO-W7 positive semantic fixture catalogue for first compile admissibility proof.
ART-DOC-SUPPORT-NEGATIVE-FIXTURE-SET-001,DOC,TASK-23.3,specs/support_ontology_negative_fixture_set_v1.md,SHA256,404DB7A6C5D791D2ABE0E989344E5AE2F407CEF8C9863BDDCD4E833F53C42368,DONE,support_ontology_negative_fixture_set_v1_completed_2026-03-07,EP-23,SO-W7 negative semantic fixture catalogue with deterministic non-permissive outcome expectations.
ART-DOC-SUPPORT-RUNTIME2-READINESS-GATE-001,DOC,TASK-23.4,specs/support_ontology_runtime2_readiness_gate_v1.md,SHA256,9FC9C0331EE8632747215B57B07D71A6BD78A529EFFA3BFD2DD6501E3B4C1BC8,DONE,support_ontology_runtime2_readiness_gate_v1_completed_2026-03-07,EP-23,"SO-W7 minimum Runtime2 readiness gate with positive, negative, and lineage proof conditions."
ART-DOC-SUPPORT-RUNTIME2-READINESS-REVIEW-001,DOC,TASK-23.5,specs/support_ontology_runtime2_readiness_review_v1.md,SHA256,EBE4646CF4A0ED73784952CA712240FEF4CF10577F076DDC5CEF81E954BF9466,DONE,support_ontology_runtime2_readiness_review_v1_completed_2026-03-07,EP-23,SO-W7 integration review closure note confirming Runtime2 readiness proof baseline.
ART-DOC-P1-024-HARDENING-DECOMP-001,DOC,TASK-24.1,bootstrap/plans/programs/p1/p1_024_support_ontology_post_review_hardening_decomposition_v1.md,SHA256,ac5bfab1cc225f8bb121b7bb74104a3b5f986566cf6cdb70185cdb7e76e0b0db,DONE,p1_024_hardening_decomposition_defined_2026-03-08,EP-24,Execution decomposition plan for bounded support-ontology post-review hardening and uplift queuing.
ART-CODE-RUNTIME1-CANDIDATE-ALIGN-001,CODE,TASK-24.2,runtime/runtime1_engine.py,SHA256,f651525579cabc7e3338332e69f58fc4a6672b8ca7a024213db4cef1f11c45ac,DONE,runtime1_candidate_payload_alignment_verified_2026-03-08,EP-24,Runtime 1 candidate evaluation aligned to canonical support payload membership.
ART-TEST-RUNTIME1-CANDIDATE-ALIGN-001,TEST_OUTPUT,TASK-24.2,tests/test_runtime1_engine.py,SHA256,b49107eac2f17b54faf6f18be440b9ef01cf72acc002ee5a5e5a90afbf7d8aad,DONE,runtime1_candidate_payload_alignment_verified_2026-03-08,EP-24,Regression coverage proving Runtime 1 candidate evaluation excludes support.ttl and promotion verification remains clean.
ART-CODE-LOADER-HERMETIC-001,CODE,TASK-24.3,src/loader.py,SHA256,0329621a2b371026b120823abaf1eea0e354f9c6b5223267ce8c3de0febe9f15,DONE,loader_hermetic_replacement_verified_2026-03-08,EP-24,Loader now clears target load directories before unpacking verified members.
ART-TEST-LOADER-HERMETIC-001,TEST_OUTPUT,TASK-24.3,tests/test_loader.py,SHA256,8f8eb860bc0c693b09ec32951b082a580330c444588af9726ab2c099a7bf5655,DONE,loader_hermetic_replacement_verified_2026-03-08,EP-24,Regression coverage proving stale files are removed on verified reload.
ART-DOC-SUPPORT-RELEASE-PAYLOAD-STATUS-001,DOC,TASK-24.4,specs/support_ontology_release_payload_contract_v1.md,SHA256,66ecca4e5420a3f5418947b2fafb0f3531f111a014c1220f19e47f3ea1e51653,DONE,support_ontology_contract_status_normalized_2026-03-08,EP-24,Release payload contract status normalized to APPROVED after executable alignment.
ART-DOC-SUPPORT-NAMESPACE-STATUS-001,DOC,TASK-24.4,specs/support_ontology_namespace_policy_v1.md,SHA256,d1bf94b91ab283eadaa6e91db625ce6c863ce0411abdf622a4da1f31c590b435,DONE,support_ontology_contract_status_normalized_2026-03-08,EP-24,Namespace policy status normalized to APPROVED after executable alignment.
ART-DOC-SUPPORT-POST-REVIEW-HARDENING-001,DOC,TASK-24.5,specs/support_ontology_post_review_hardening_review_v1.md,SHA256,da841a3ff3897ed9bf4c70f514a0a2196ae39cac3942992a4a8a4c58b75db701,DONE,support_ontology_post_review_hardening_completed_2026-03-08,EP-24,Closure review for bounded support-ontology post-review hardening wave and queued uplift follow-on.
ART-DOC-P1-025-DECOMP-001,DOC,TASK-25.1,bootstrap/plans/programs/p1/p1_025_support_ontology_priority1_uplift_decomposition_v1.md,SHA256,d6f2909f6e329da78e8f70a8c91262839bc1b9a0f2639d83ead6d40d92da4216,DONE,p1_025_priority1_decomposition_defined_2026-03-08,EP-25,Execution decomposition plan for the approved Priority-1 support-ontology uplift wave.
ART-ONTO-KERNEL-PRIORITY1-UPLIFT-001,CODE,TASK-25.2,ontology/kernel.ttl,SHA256,90516e15cb9e7b7c5e63510b450ad8886980f091b4654e5b2c74083cee479ff6,DONE,support_ontology_priority1_ontology_uplift_verified_2026-03-08,EP-25,Kernel ontology uplift implementing Priority-1 Runtime 2 compile-plane semantic anchors.
ART-SHACL-KERNEL-PRIORITY1-UPLIFT-001,CODE,TASK-25.3,ontology/kernel.shacl.ttl,SHA256,4fde5355b75f38500b47fbb615887580da5c316b6ef8484dcc7abb5c89142287,DONE,support_ontology_priority1_shacl_uplift_verified_2026-03-08,EP-25,Kernel SHACL uplift implementing Priority-1 Runtime 2 structural admissibility gates.
ART-FIXTURE-RUNTIME2-POSITIVE-001,TEST_OUTPUT,TASK-25.4,ontology/examples/example-runtime2-input.ttl,SHA256,6dcace51f0038f3a12d1398a46612e7c290a7e6301cfc86dc3feac0a77a97e86,DONE,support_ontology_priority1_fixture_proof_verified_2026-03-08,EP-25,Positive Runtime 2 fixture proving first-compile envelope conformance to the uplifted SHACL layer.
ART-FIXTURE-RUNTIME2-NEG-TARGETSET-001,TEST_OUTPUT,TASK-25.4,ontology/negative_examples/targetset_missing_selection_basis.ttl,SHA256,1f399ca7c476f6e55498a51f7903038eb341e2eb54f558d4854d17efd11371e6,DONE,support_ontology_priority1_fixture_proof_verified_2026-03-08,EP-25,Negative Runtime 2 fixture proving target-set selection basis is required.
ART-FIXTURE-RUNTIME2-NEG-BINDING-001,TEST_OUTPUT,TASK-25.4,ontology/negative_examples/actioneffectbinding_missing_effect_ref.ttl,SHA256,48470e73525564f30417ab199ab6da98aa507a5bc3e39b1263e153d91042a82b,DONE,support_ontology_priority1_fixture_proof_verified_2026-03-08,EP-25,Negative Runtime 2 fixture proving action/effect bindings require explicit effect references.
ART-FIXTURE-RUNTIME2-NEG-ELIGIBILITY-001,TEST_OUTPUT,TASK-25.4,ontology/negative_examples/eligibilitysemantic_missing_status.ttl,SHA256,d3cbfcc6932adde04ab8d3e154e5ed1f03bc2a3d8613caba2f407197811af30a,DONE,support_ontology_priority1_fixture_proof_verified_2026-03-08,EP-25,Negative Runtime 2 fixture proving eligibility semantics require explicit status values.
ART-FIXTURE-RUNTIME2-NEG-AIOPERABLE-001,TEST_OUTPUT,TASK-25.4,ontology/negative_examples/tenantworkflow_missing_aioperable.ttl,SHA256,d4ffc2f68467185d9c0c4ec006013a875bd3cf1ef34a0d35839ee0ecaadb4c4d,DONE,support_ontology_priority1_fixture_proof_verified_2026-03-08,EP-25,Negative Runtime 2 fixture proving tenant workflow inputs require explicit aiOperable declaration.
ART-TEST-RUNTIME2-NEGATIVE-SHACL-001,TEST_OUTPUT,TASK-25.4,tests/test_negative_shacl.py,SHA256,ac951be5dec01ce58b19f20a5da63bac7cae54744433266cdc281ebcac2ec8a5,DONE,support_ontology_priority1_fixture_proof_verified_2026-03-08,EP-25,Negative SHACL regression coverage for Priority-1 compile-plane fixture failures.
ART-DOC-SUPPORT-PRIORITY1-UPLIFT-REVIEW-001,DOC,TASK-25.5,specs/support_ontology_priority1_uplift_review_v1.md,SHA256,08ae8a3e2d03d185f4290df9d8315739eca23f903748a3d15b712ca4d9b61652,DONE,support_ontology_priority1_uplift_review_completed_2026-03-08,EP-25,Closure review for the approved Priority-1 support-ontology uplift wave.
ART-DOC-P1-026-DECOMP-001,DOC,TASK-26.1,bootstrap/plans/programs/p1/p1_026_support_ontology_priority2_uplift_decomposition_v1.md,SHA256,aaf104ff274c501cc5fdfd51bfb9fc0bd653d792b79f43ead990634afbc81ff8,DONE,p1_026_priority2_decomposition_defined_2026-03-08,EP-26,Execution decomposition plan for the approved Priority-2 support-ontology uplift wave.
ART-ONTO-KERNEL-PRIORITY2-UPLIFT-001,CODE,TASK-26.2,ontology/kernel.ttl,SHA256,90516e15cb9e7b7c5e63510b450ad8886980f091b4654e5b2c74083cee479ff6,DONE,support_ontology_priority2_ontology_uplift_verified_2026-03-08,EP-26,"Kernel ontology uplift implementing Priority-2 Runtime 2 output, provenance, and reason-code category vocabulary."
ART-SHACL-KERNEL-PRIORITY2-UPLIFT-001,CODE,TASK-26.3,ontology/kernel.shacl.ttl,SHA256,4fde5355b75f38500b47fbb615887580da5c316b6ef8484dcc7abb5c89142287,DONE,support_ontology_priority2_shacl_uplift_verified_2026-03-08,EP-26,Kernel SHACL uplift implementing compiled-output completeness and MVP no-constraint boundaries.
ART-FIXTURE-RUNTIME2-COMPILED-POSITIVE-001,TEST_OUTPUT,TASK-26.4,ontology/examples/example-runtime2-compiled-output.ttl,SHA256,9b967f01c519935ca5e185e2361832633e24fc416264a9ab9cba8017627f30e3,DONE,support_ontology_priority2_fixture_proof_verified_2026-03-08,EP-26,Positive Runtime 2 compiled-output fixture proving Priority-2 conformance.
ART-FIXTURE-RUNTIME2-COMPILED-NEG-SUPPORTREF-001,TEST_OUTPUT,TASK-26.4,ontology/negative_examples/compiledprimitive_missing_support_release_ref.ttl,SHA256,531866aef746b186281506c5c0d27e7193fbf2aa305e24d08c9881210e94aa4c,DONE,support_ontology_priority2_fixture_proof_verified_2026-03-08,EP-26,Negative fixture proving compiled primitives require explicit support release lineage.
ART-FIXTURE-RUNTIME2-COMPILED-NEG-POLICY-001,TEST_OUTPUT,TASK-26.4,ontology/negative_examples/compilepolicy_missing_reason_category.ttl,SHA256,7c5b927416ea5e00f0350251cdc4420fafd9cb30bba8271269f1e11219f3e618,DONE,support_ontology_priority2_fixture_proof_verified_2026-03-08,EP-26,Negative fixture proving compile reason-code policies require explicit reason-code category anchors.
ART-FIXTURE-RUNTIME2-COMPILED-NEG-INPUT-CONSTRAINT-001,TEST_OUTPUT,TASK-26.4,ontology/negative_examples/tenantworkflow_with_constraints.ttl,SHA256,d58f757581a3a9efc4fa02cc088190c7f01c6b5696f96af4b8e71276d1fab599,DONE,support_ontology_priority2_fixture_proof_verified_2026-03-08,EP-26,Negative fixture proving explicit MVP constraints remain forbidden on tenant workflow input.
ART-FIXTURE-RUNTIME2-COMPILED-NEG-OUTPUT-CONSTRAINT-001,TEST_OUTPUT,TASK-26.4,ontology/negative_examples/compiledprimitive_with_constraints.ttl,SHA256,48db24d89db15e35cb0e931f771e405bf992cd04eefc1221c31c03b3b7236e7b,DONE,support_ontology_priority2_fixture_proof_verified_2026-03-08,EP-26,Negative fixture proving explicit MVP constraints remain forbidden on compiled output primitives.
ART-TEST-RUNTIME2-OUTPUT-SHACL-001,TEST_OUTPUT,TASK-26.4,tests/test_runtime2_output_shacl.py,SHA256,636d055555b67445ee2000c61f5aece0f42c0ba5f53863905bbf782192773590,DONE,support_ontology_priority2_fixture_proof_verified_2026-03-08,EP-26,Priority-2 SHACL regression coverage for compiled-output and MVP no-constraint boundaries.
ART-DOC-SUPPORT-PRIORITY2-UPLIFT-REVIEW-001,DOC,TASK-26.5,specs/support_ontology_priority2_uplift_review_v1.md,SHA256,c06255414573c1839e862d555f9e3903670eca1da76d8c438081b45be7617c3b,DONE,support_ontology_priority2_uplift_review_completed_2026-03-08,EP-26,Closure review for the approved Priority-2 support-ontology uplift wave.
ART-DOC-P2-CONTRACT-TRANSLATION-REVIEW-001,DOC,TASK-27.2,specs/p2_contract_translation_review_v1.md,SHA256,184d247912ad516925eaab1c8d0596feb8ceabff0a526fe9b44a14f8f237f24c,DONE,p2_contract_translation_review_v1_completed_2026-03-08,EP-27,Baseline review for P2 successor contract translation; classifies retained contract surfaces and explicit successor gaps.
ART-DOC-P2-FULL-SOLUTION-PROGRAM-001,DOC,TASK-27.1,bootstrap/plans/programs/post_p1_026_full_solution_program_plan_v1.md,SHA256,3778a82cc11f74ca4494fcdc61e118cce0e1b0ad4e3bf58799caf76f4d5fb937,DONE,successor_execution_program_controls_completed_2026-03-08,EP-27,"Active successor program control defining the P2 hierarchy, current activation state, and M1 delta-resolution stance."
ART-DOC-P2-CONTRACT-DELTA-REGISTER-001,DOC,TASK-27.3,specs/p2_contract_delta_register_v1.md,SHA256,e4284ae0fc805acedff0cdd5bbe402ca5ad41afb53ff1d775ef3e22858c9012b,DONE,p2_contract_delta_register_v1_completed_2026-03-08,EP-27,Approved delta register recording the narrow P2 successor contract deltas and downstream ownership.
ART-DOC-P2-TENANT-SCOPE-RULES-001,DOC,TASK-27.4,specs/product_tenant_scope_rules_v1.md,SHA256,f82f34b5d6cd2c24f676c99bbcf6699e055310272d93190cab3a8121075a8607,DONE,product_tenant_scope_rules_v1_completed_2026-03-08,EP-27,"Narrow successor rule surface governing tenant-scope introduction, handoff, and enforcement across the three-runtime chain."
ART-DOC-P2-CONTRACT-TRANSLATION-CLOSURE-001,DOC,TASK-27.5,specs/p2_contract_translation_closure_v1.md,SHA256,4a5e487efe50c628c97e0beeac0ce7b7ed744eea9231456afb49d2222b1a69d1,DONE,p2_contract_translation_closure_v1_completed_2026-03-08,EP-27,"Closure note for M1 contract translation confirming retained baseline, approved delta set, tenant-scope rule closure, and EP-27 readiness."
ART-DOC-RUNTIME1-SUCCESSOR-DELTA-001,DOC,TASK-28.1,specs/runtime1_support_release_engine_v2.md,SHA256,c3f0d565d2f291bc559af7a55818ba29622ecba227b485649b6d0f89c5248e3b,DONE,runtime1_support_release_engine_v2_completed_2026-03-08,EP-28,Successor delta contract translating the retained Runtime 1 baseline into release-stable P2 closure criteria.
ART-DOC-P2-RUNTIME2-DECOMP-001,DOC,TASK-29.1,bootstrap/plans/programs/p2_003_runtime2_compiler_decomposition_v1.md,SHA256,2e540ef574fdff7dac2f82fc87934c680194642edabf99ace9db2dbc7651bf1e,DONE,p2_003_runtime2_compiler_decomposition_v1_completed_2026-03-08,EP-29,Runtime 2 compiler decomposition control opening the immediate follow-on task set without implying EP-29 closure.
ART-DOC-RUNTIME1-SUCCESSOR-STABILITY-001,DOC,TASK-28.2,specs/runtime1_successor_release_stability_review_v1.md,SHA256,593c39d67bd2e7dae6107db95f30adf585abb31c455486cbac29134413bb3a88,DONE,runtime1_successor_release_stability_review_v1_completed_2026-03-08,EP-28,Successor review proving the current hardened Runtime 1 already satisfies release-stable closure criteria for P2.
ART-DOC-RUNTIME1-PRODUCTIZATION-CLOSURE-001,DOC,TASK-28.3,specs/runtime1_productization_closure_note_v1.md,SHA256,10424dca93bc08e80b246201abc70ed00a9c163b98e0188c56eed0c79d0b3625,DONE,runtime1_productization_closure_note_v1_completed_2026-03-08,EP-28,Closure note for the Runtime 1 successor productization lane; marks EP-28 ready for verification.
ART-DOC-RUNTIME2-MODULE-BOUNDARY-001,DOC,TASK-29.2,specs/runtime2_compiler_module_boundary_v1.md,SHA256,2f816a4580496a48848abd0db81a4a79f30752933913d8213c7b9efae30d5b08,DONE,runtime2_compiler_module_boundary_v1_completed_2026-03-08,EP-29,Implementation-facing Runtime 2 compiler module boundary and repo placement contract.
ART-DOC-RUNTIME2-INGEST-CONTRACT-001,DOC,TASK-29.3,specs/runtime2_ingest_admissibility_contract_v1.md,SHA256,266a2fcc170b137414b8b4765fac05e5357ade33ca113a0f5338119b062de47b,DONE,runtime2_ingest_admissibility_contract_v1_completed_2026-03-08,EP-29,Implementation-facing Runtime 2 front-door ingest and fail-closed admissibility contract.
ART-DOC-RUNTIME2-EMISSION-CONTRACT-001,DOC,TASK-29.4,specs/runtime2_compiled_primitive_emission_contract_v1.md,SHA256,c8888255296b72dea22ca2b937724d202bc0fc1cce5f258a9b41e5ebb28d1099,DONE,runtime2_compiled_primitive_emission_contract_v1_completed_2026-03-08,EP-29,"Implementation-facing Runtime 2 back-door primitive emission, lineage, evidence, and release assembly contract."
ART-DOC-RUNTIME2-DECOMP-CLOSURE-001,DOC,TASK-29.5,specs/runtime2_compiler_decomposition_closure_v1.md,SHA256,d193eacd3f9218efe403fe3322b84a6a8ceb0231ebd71007848f64b61cea8523,DONE,runtime2_compiler_decomposition_closure_v1_completed_2026-03-08,EP-29,Closure note for the Runtime 2 decomposition tranche; keeps EP-29 explicitly open pending executable compiler outputs.
ART-CODE-RUNTIME2-ENGINE-001,CODE,TASK-29.6,runtime/runtime2_engine.py,SHA256,dcf5d3c9c06ef47fd9edc9d1e0588547ff377653e8816ccb0759fcc03581d8cf,DONE,runtime2_engine_compile_smoke_verified_2026-03-08,EP-29,"Runtime 2 compiler executable skeleton implementing fail-closed ingest, dependency binding, normalization, primitive emission, evidence emission, and release assembly orchestration."
ART-TEST-RUNTIME2-ENGINE-001,TEST_OUTPUT,TASK-29.7,tests/test_runtime2_engine.py,SHA256,54acd6f05b71bdc23bdbbdc2f2d5ab6df75e75123aaa18b019ca551c5daa66a0,DONE,runtime2_ingest_fail_closed_tests_verified_2026-03-08,EP-29,"Runtime 2 ingest/admissibility regression tests covering compile smoke path, non-admissible rejection, and SCR_TBox manifest emission assertions."
ART-CODE-RUNTIME2-PACKAGER-001,CODE,TASK-29.8,tools/runtime2_packager.py,SHA256,0f09a08a4d88ae59153c03ca66a434a370aa24c74eb42f443a44b6fb0516c9a5,DONE,runtime2_scr_tbox_packaging_verified_2026-03-08,EP-29,Runtime 2 deterministic SCR_TBox packager enforcing tenant scope and exact SupportOntologyRelease dependency lineage.
