"task_id","plan_item_id","bootstrap_task_id","task_name","status","owner","canonical_refs","evidence_row_ids","dependencies","input_refs","output_paths","validation_method","validation_evidence","notes"
"BPL-00.1","P1-001","","Create repository skeleton folders for specs, schemas, fixtures, tools, src, and tests","DONE","paul","","","","","./","existence_check","evidence/repo-skeleton-proof/tree.txt","IS-state at repo substrate"
"TASK-01.1","P1-002","BPL-01","Define CID minting spec","DONE","paul","","EP-01","","","specs/identity_cid_uuidv7.md","python tools/bootstrap_validate.py","review_signed_2026-03-06",""
"TASK-01.2","P1-002","BPL-01","Implement CID library","DONE","paul","","EP-01","TASK-01.1","specs/identity_cid_uuidv7.md","src/cid.py","python -m unittest tests.test_cid -v","unittest_discover_ok_2026-03-06",""
"TASK-02.1","P1-003","BPL-02","Define ledger API ordering rules","DONE","paul","","EP-02","","","specs/ledger_api_and_ordering.md","python tools/bootstrap_validate.py","review_signed_2026-03-06",""
"TASK-02.2","P1-003","BPL-02","Implement append-only ledger service with single-writer ordering authority","DONE","paul","","EP-02","TASK-02.1","specs/ledger_api_and_ordering.md","src/ledger.py","python -m unittest tests.test_ledger.TestLedger.test_deterministic_replay -v","unittest_discover_ok_2026-03-06",""
"TASK-03.1","P1-004","BPL-03","Define IssuerProof verification algorithm","DONE","paul","","EP-02","","","specs/issuerproof_v1.md","python -m unittest tests.test_issuer_proof.TestIssuerProof.test_verify_valid_proof -v","unittest_task031_verify_valid_proof_ok_2026-03-06","Spec validated via proof verification test linkage"
"TASK-03.2","P1-004","BPL-03","Implement IssuerProof verifier with negative tests","DONE","paul","","EP-02","TASK-03.1","specs/issuerproof_v1.md","src/issuer_proof.py","python -m unittest tests.test_issuer_proof -v","unittest_discover_ok_2026-03-06",""
"TASK-04.1","P1-005","BPL-04","Define evaluator boundary commit semantics","DONE","paul","","EP-04","","","specs/evaluator_boundary_v1.md","python -m unittest tests.test_evaluator.TestEvaluatorAndCommitAuthority.test_evaluate_stub_returns_valid_proof_structure -v","unittest_task041_evaluator_boundary_ok_2026-03-06","Boundary semantics validated via evaluator contract test linkage"
"TASK-04.2","P1-005","BPL-04","Implement evaluator stub with commit-boundary enforcement tests","DONE","paul","","EP-04","TASK-04.1","specs/evaluator_boundary_v1.md","src/evaluator.py","python -m unittest tests.test_evaluator -v","unittest_discover_ok_2026-03-06",""
"TASK-05.1","P1-006","BPL-05","Define release/load-manifest schemas with fixtures","DONE","paul","","EP-03","","","schemas/release_manifest.schema.json","python tools/bootstrap_validate.py","jsonschema_successful_2026-03-06",""
"TASK-05.2","P1-006","BPL-05","Implement packager manifest hash file-list emission","DONE","paul","","EP-03","TASK-05.1","schemas/release_manifest.schema.json","tools/packager.py","python -m unittest tests.test_packager -v","unittest_discover_ok_2026-03-06",""
"TASK-05.3","P1-006","BPL-05","Implement verifier loader rejection logic with tamper tests","DONE","paul","","EP-04","TASK-05.1","schemas/release_manifest.schema.json","src/loader.py","python -m unittest tests.test_loader -v","unittest_discover_ok_2026-03-06",""
"TASK-06.1","P1-007","BPL-06","Create minimal SupportOntologyRelease package payload","DONE","paul","","EP-05","TASK-05.2","","dist/SupportOntologyRelease-v0.1.0/SupportOntologyRelease-v0.1.0.tar.gz","python -m unittest tests.test_loader -v","loader_verified_2026-03-06",""
"TASK-06.2","P1-007","BPL-06","Create minimal SCR_TBox_Release tenant package payload","DONE","paul","","EP-05","TASK-05.2","","dist/SCR_TBox_Release-v0.1.0/SCR_TBox_Release-v0.1.0.tar.gz","python -m unittest tests.test_loader -v","loader_verified_2026-03-06",""
"BPL-07.1","P1-008","","Run Phase 0 gate verification and compile Evidence Pack","DONE","paul","","EP-01;EP-02;EP-03;EP-04;EP-05","TASK-01.2;TASK-02.2;TASK-05.2;TASK-05.3;TASK-06.1;TASK-06.2","","verification_report.md","manual_review","phase0_gate_report_2026-03-06",""
"TASK-09.1","P1-009","BPL-09","Define canonical spec set baseline","DONE","paul","ontoForge_00;ontoForge_80;ontoForge_81","EP-09","","specs/ontoForge_00_Canonical-Document-Set_Map_v1.0.md;specs/ontoForge_80_ProjectOperatingProtocolV01.md;specs/ontoForge_81_WorkDecomposition_Protocol_v01.md","specs/spec_upgrade/canonical_spec_set_v1.md","python tools/bootstrap_validate.py --execute-validation-methods dry-run","canonical_spec_set_v1_baselined_2026-03-06","Canonical spec baseline defined and frozen for migration wave 1"
"TASK-09.2","P1-009","BPL-09","Build spec migration delta register","DONE","paul","ontoForge_90;ontoForge_91;ontoForge_92","EP-09","TASK-09.1","specs/ontoForge_90_Implementation-plane_backlog.md;specs/ontoForge_91_Build-Readiness Backlog v0.1.md;specs/ontoForge_92_Evidence-Pack_v01.md","specs/spec_upgrade/migration_delta_register_v1.md","python tools/bootstrap_validate.py --execute-validation-methods dry-run","migration_delta_register_v1_completed_2026-03-06","Delta register completed from OF-90/91/92 to active controls"
"TASK-09.3","P1-009","BPL-09","Define spec contract validation matrix","DONE","paul","ontoForge_80;ontoForge_81;EP-09","EP-09","TASK-09.1;TASK-09.2","bootstrap/bridge/task_ledger.csv;bootstrap/bridge/artifact_registry.csv;bootstrap/bridge/evidence_register.csv","specs/spec_upgrade/spec_contract_validation_matrix_v1.md","python tools/bootstrap_validate.py","spec_contract_validation_matrix_v1_completed_2026-03-06","Contract-to-command matrix established for migration-wave controls"
"TASK-09.4","P1-009","BPL-09","Produce pilot spec migration report","DONE","paul","ontoForge_90;ontoForge_91;ontoForge_92","EP-09","TASK-09.2;TASK-09.3","bootstrap/plans/archive/ontoForge_90_Implementation-plane_backlog.v0.1.md;bootstrap/plans/archive/ontoForge_91_Build-Readiness_Backlog.v0.1.md","specs/spec_upgrade/pilot_migration_report_v1.md","python tools/bootstrap_validate.py","pilot_migration_report_v1_completed_2026-03-06","Pilot migration slice executed with reproducibility and control verification"
"TASK-10.1","P1-010","BPL-10","Define wave-2 canonical spec set baseline","DONE","paul","ontoForge_00;ontoForge_80;ontoForge_81","EP-10","","specs/spec_upgrade/canonical_spec_set_v1.md;specs/ontoForge_00_Canonical-Document-Set_Map_v1.0.md","specs/spec_upgrade/wave2_canonical_spec_set_v1.md","python tools/bootstrap_validate.py --execute-validation-methods dry-run","wave2_canonical_spec_set_v1_completed_2026-03-06","Wave-2 authority baseline derived from canonical set governance and wave-1 learning | closed wave-2 execution"
"TASK-10.2","P1-010","BPL-10","Build wave-2 migration delta register","DONE","paul","ontoForge_90;ontoForge_91;ontoForge_92","EP-10","TASK-10.1","specs/spec_upgrade/migration_delta_register_v1.md;bootstrap/plans/archive/ontoForge_90_Implementation-plane_backlog.v0.1.md;bootstrap/plans/archive/ontoForge_91_Build-Readiness_Backlog.v0.1.md","specs/spec_upgrade/wave2_migration_delta_register_v1.md","python tools/bootstrap_validate.py --execute-validation-methods dry-run","wave2_migration_delta_register_v1_completed_2026-03-06","Wave-2 deltas include residual ambiguities and new contract uplift targets | closed wave-2 execution"
"TASK-10.3","P1-010","BPL-10","Define wave-2 contract validation matrix","DONE","paul","ontoForge_80;ontoForge_81;EP-10","EP-10","TASK-10.1;TASK-10.2","bootstrap/bridge/task_ledger.csv;bootstrap/bridge/artifact_registry.csv;bootstrap/bridge/evidence_register.csv;specs/spec_upgrade/spec_contract_validation_matrix_v1.md","specs/spec_upgrade/wave2_spec_contract_validation_matrix_v1.md","python tools/bootstrap_validate.py","wave2_spec_contract_validation_matrix_v1_completed_2026-03-06","Wave-2 command-to-evidence matrix with explicit closure rules for EP-10 | closed wave-2 execution"
"TASK-10.4","P1-010","BPL-10","Produce wave-2 pilot migration report","DONE","paul","ontoForge_90;ontoForge_91;ontoForge_92","EP-10","TASK-10.2;TASK-10.3","specs/spec_upgrade/wave2_canonical_spec_set_v1.md;specs/spec_upgrade/wave2_migration_delta_register_v1.md;specs/spec_upgrade/wave2_spec_contract_validation_matrix_v1.md","specs/spec_upgrade/wave2_pilot_migration_report_v1.md","python tools/bootstrap_validate.py","wave2_pilot_migration_report_v1_completed_2026-03-06","Pilot proves wave-2 migration reproducibility and closure readiness | closed wave-2 execution"
"TASK-11.1","P1-011","BPL-11","Define product runtime module map","DONE","paul","ontoForge_03;ontoForge_02;ontoForge_04","EP-11","","specs/ontoForge_03_Product-Spec_V1.1.md;runtime/main.py;runtime/kernel_gate.py;src/ledger.py;src/evaluator.py;src/loader.py;tools/packager.py","specs/product_runtime_mapping_v1.md","python tools/bootstrap_validate.py","product_runtime_mapping_v1_completed_2026-03-06","Runtime/module mapping established from product spec to current repo substrate"
"TASK-11.2","P1-011","BPL-11","Define product event model","DONE","paul","ontoForge_03;ontoForge_02;ontoForge_04","EP-11","TASK-11.1","specs/ontoForge_03_Product-Spec_V1.1.md;specs/ontoForge_02_Lifecycle-Specification_v1.1.md;src/ledger.py;src/evaluator.py;src/issuer_proof.py","specs/product_event_model_v1.md","python tools/bootstrap_validate.py","product_event_model_v1_completed_2026-03-06","Product event envelope and event families defined for authority, execution, denial, suspension, and control state"
"TASK-11.3","P1-011","BPL-11","Define product boundary objects","DONE","paul","ontoForge_03;ontoForge_04","EP-11","TASK-11.1","specs/ontoForge_03_Product-Spec_V1.1.md;tools/packager.py;src/loader.py;schemas/release_manifest.schema.json;schemas/runtime_load_manifest.schema.json;dist/SupportOntologyRelease-v0.1.0/release_manifest.json;dist/SCR_TBox_Release-v0.1.0/release_manifest.json","specs/product_boundary_objects_v1.md","python tools/bootstrap_validate.py","product_boundary_objects_v1_completed_2026-03-07","Boundary objects and load-discipline contracts defined for SupportOntologyRelease, SCR_TBox_Release, and SCR_Runtime_LoadManifest"
"TASK-12.1","P1-012","BPL-12","Uplift release boundary schemas","DONE","paul","ontoForge_03;ontoForge_04;TASK-11.3","EP-12","TASK-11.3","schemas/release_manifest.schema.json;schemas/runtime_load_manifest.schema.json;specs/product_boundary_objects_v1.md","schemas/release_manifest.schema.json","python -m unittest tests.test_boundary_schemas -v","boundary_schemas_uplift_verified_2026-03-07","Release and runtime-load manifest schemas uplifted for tenant scope, dependencies, and evidence binding"
"TASK-12.2","P1-012","BPL-12","Emit tenant-aware package manifests","DONE","paul","ontoForge_03;ontoForge_04;TASK-12.1","EP-12","TASK-12.1","tools/packager.py;schemas/release_manifest.schema.json","tools/packager.py","python -m unittest tests.test_packager.TestPackager.test_product_manifest_fields_and_evidence_hashes -v","packager_boundary_manifest_verified_2026-03-07","Packager now emits manifest v2 fields, dependency bindings, and evidence file digests"
"TASK-12.3","P1-012","BPL-12","Enforce load-manifest tenant discipline","DONE","paul","ontoForge_03;ontoForge_04;TASK-12.1;TASK-12.2","EP-12","TASK-12.1;TASK-12.2","src/loader.py;schemas/runtime_load_manifest.schema.json","src/loader.py","python -m unittest tests.test_loader.LoaderSecurityTests.test_loads_valid_package_v2 -v","loader_boundary_discipline_verified_2026-03-07","Loader enforces tenant match, dependency chain checks, evidence presence, and digest verification"
"TASK-12.4","P1-012","BPL-12","Add boundary-discipline rejection tests","DONE","paul","ontoForge_03;ontoForge_04;EP-12","EP-12","TASK-12.2;TASK-12.3","tests/test_packager.py;tests/test_loader.py;src/loader.py;tools/packager.py","tests/test_boundary_load_discipline.py","python -m unittest tests.test_boundary_load_discipline -v","boundary_rejection_tests_verified_2026-03-07","Added deterministic negative tests for missing evidence, tenant mismatch, and broken dependency chain"
"TASK-13.1","P1-013","BPL-13","Define Runtime 1 support-release boundary contract","DONE","paul","ontoForge_03;ontoForge_02;ontoForge_04","EP-13","TASK-11.3","specs/product_boundary_objects_v1.md;runtime/main.py;runtime/kernel_gate.py","specs/runtime1_support_release_engine_v1.md","python tools/bootstrap_validate.py","runtime1_boundary_contract_defined_2026-03-07","Runtime 1 release-candidate and support-release contract defined with evidence payload requirements"
"TASK-13.3","P1-013","BPL-13","Build evidence-bound SupportOntologyRelease v2 package","DONE","paul","ontoForge_03;ontoForge_04;TASK-13.2","EP-13","TASK-13.2","runtime/runtime1_engine.py;ontology/support.ttl;dist/SupportOntologyRelease-v0.2.0/release_manifest.json","dist/SupportOntologyRelease-v0.2.0/SupportOntologyRelease-v0.2.0.tar.gz","python -m unittest tests.test_runtime1_engine.Runtime1EngineTests.test_build_support_release_contains_evidence -v","support_release_v2_built_2026-03-07","Runtime 1 produces release package with evidence directory and hash-bound manifest entries"
"TASK-13.2","P1-013","BPL-13","Implement Runtime 1 release engine API boundary","DONE","paul","ontoForge_03;ontoForge_04;TASK-13.1","EP-13","TASK-13.1","runtime/main.py;runtime/kernel_gate.py;tools/packager.py;src/loader.py","runtime/runtime1_engine.py","python -m unittest tests.test_runtime1_engine.Runtime1EngineTests.test_evaluate_release_candidate -v","runtime1_engine_api_verified_2026-03-07","Runtime 1 engine implemented with release-candidate evaluation and API endpoints"
"TASK-13.4","P1-013","BPL-13","Verify Runtime 1 package load integrity","DONE","paul","ontoForge_03;ontoForge_04;EP-13","EP-13","TASK-13.3","src/loader.py;dist/SupportOntologyRelease-v0.2.0/release_manifest.json;dist/SupportOntologyRelease-v0.2.0/SupportOntologyRelease-v0.2.0.tar.gz","tests/test_runtime1_engine.py","python -m unittest tests.test_runtime1_engine.Runtime1EngineTests.test_loader_verifies_support_release_package -v","runtime1_loader_verification_passed_2026-03-07","Loader verifies Runtime 1 support release archive and evidence files using manifest digests"
"TASK-14.3","P1-014","BPL-14","Publish Runtime 1 hardening addendum","DONE","paul","ontoForge_03;ontoForge_04;P1-014","EP-14","TASK-14.2","runtime/runtime1_engine.py;tools/packager.py;tests/test_runtime1_engine.py","specs/runtime1_hardening_addendum_v1.md","python tools/bootstrap_validate.py","runtime1_hardening_addendum_completed_2026-03-07","Hardening controls and exit criteria documented for Support Ontology runtime"
"TASK-14.1","P1-014","BPL-14","Implement deterministic package build mode","DONE","paul","ontoForge_03;ontoForge_04;P1-013","EP-14","TASK-13.3","tools/packager.py;runtime/runtime1_engine.py","tools/packager.py","python -m unittest tests.test_runtime1_engine.Runtime1EngineTests.test_build_is_deterministic_when_requested -v","runtime1_deterministic_build_verified_2026-03-07","Packager emits deterministic archive and deterministic CID identities when requested"
"TASK-14.2","P1-014","BPL-14","Enforce Runtime 1 schema gate plus promotion decision","DONE","paul","ontoForge_03;ontoForge_04;P1-013","EP-14","TASK-14.1","runtime/runtime1_engine.py;runtime/main.py;schemas/release_manifest.schema.json;dist/SupportOntologyRelease-v0.2.0/release_manifest.json","runtime/runtime1_engine.py","python -m unittest tests.test_runtime1_engine.Runtime1EngineTests.test_writes_promotion_decision_file -v","runtime1_schema_promotion_gate_verified_2026-03-07","Runtime 1 validates manifests against schema and emits promotion decision artifacts after loader gate"
"TASK-15.1","P1-015","BPL-15","Inventory existing ttl assets","DONE","paul","ontoForge_03;ontoForge_04;P1-015","EP-15","","ontology/","specs/support_ontology_ttl_inventory_v1.md","python tools/bootstrap_validate.py --execute-validation-methods dry-run","support_ontology_ttl_inventory_v1_completed_2026-03-07","Protocol activation task for SO-W0; completed inventory with proposed role classifications and triage findings"
"TASK-15.2","P1-015","BPL-15","Create ttl admission register","DONE","paul","ontoForge_03;ontoForge_04;P1-015","EP-15","TASK-15.1","specs/support_ontology_ttl_inventory_v1.md","specs/support_ontology_ttl_admission_register_v1.md","python tools/bootstrap_validate.py --execute-validation-methods dry-run","ttl_admission_register_v1_approved_2026-03-07","Admission register approved by paul; per-row ttl decisions recorded and binding boundaries enforced."
"TASK-15.3","P1-015","BPL-15","Define governance incorporation model","DONE","paul","ontoForge_01;ontoForge_02;ontoForge_04;P1-015","EP-15","","specs/ontoForge_01_Doctrine_v1.1.md;specs/ontoForge_02_Lifecycle-Specification_v1.1.md;specs/ontoForge_04_Decisions-Register_v1.1.md","specs/support_ontology_governance_incorporation_model_v1.md","python tools/bootstrap_validate.py --execute-validation-methods dry-run","support_ontology_governance_model_v1_completed_2026-03-07","Governance incorporation model completed with explicit constitutional boundary, machine-form allocation, and fail-closed semantics."
"TASK-15.4","P1-015","BPL-15","Define external ontology adoption policy","DONE","paul","ontoForge_01;ontoForge_02;ontoForge_04;P1-015","EP-15","TASK-15.3","specs/support_ontology_governance_incorporation_model_v1.md","specs/support_ontology_external_ontology_policy_v1.md","python tools/bootstrap_validate.py --execute-validation-methods dry-run","support_ontology_external_policy_v1_completed_2026-03-07","External ontology intake policy completed with explicit promotion gates, DD-anchor checks, and non-binding default."
"TASK-15.5","P1-015","BPL-15","Define identifier-mvp admissibility boundary","DONE","paul","ontoForge_02;ontoForge_04;DD-001;DD-003;DD-004;DD-005","EP-15","","specs/ontoForge_02_Lifecycle-Specification_v1.1.md;specs/ontoForge_04_Decisions-Register_v1.1.md","specs/support_ontology_identifier_and_mvp_boundary_v1.md","python tools/bootstrap_validate.py --execute-validation-methods dry-run","support_ontology_identifier_mvp_boundary_v1_completed_2026-03-07","Identifier and MVP admissibility boundary completed with DD-001/DD-003/DD-004/DD-005 placement and runtime boundary rules."
"TASK-16.1","P1-016","BPL-16","Define SupportOntologyRelease composition contract","DONE","paul","ontoForge_03;ontoForge_04;P1-016","EP-16","TASK-15.2;TASK-15.5","specs/support_ontology_ttl_admission_register_v1.md;specs/support_ontology_identifier_and_mvp_boundary_v1.md;specs/product_boundary_objects_v1.md","specs/support_ontology_release_composition_v1.md","python tools/bootstrap_validate.py --execute-validation-methods dry-run","support_ontology_release_composition_v1_completed_2026-03-07","Canonical support release composition defined with kernel+shacl payload and placeholder exclusion."
"TASK-16.2","P1-016","BPL-16","Define support ontology namespace import policy","DONE","paul","ontoForge_03;ontoForge_04;P1-016","EP-16","TASK-16.1","specs/support_ontology_release_composition_v1.md;ontology/kernel.ttl;ontology/kernel.shacl.ttl","specs/support_ontology_namespace_policy_v1.md","python tools/bootstrap_validate.py --execute-validation-methods dry-run","support_ontology_namespace_policy_v1_completed_2026-03-07","Namespace/import policy completed with MVP closed-payload baseline and phased A0/A1/A2 facade controls."
"TASK-16.3","P1-016","BPL-16","Define runtime1 release payload contract","DONE","paul","ontoForge_03;ontoForge_04;P1-016","EP-16","TASK-16.1;TASK-16.2","runtime/runtime1_engine.py;tools/packager.py;specs/support_ontology_release_composition_v1.md","specs/support_ontology_release_payload_contract_v1.md","python tools/bootstrap_validate.py --execute-validation-methods dry-run","support_ontology_release_payload_contract_v1_completed_2026-03-07","Runtime 1 payload contract approved with canonical membership, primary-file rule, and hard namespace/import gating."
"TASK-17.1","P1-017","BPL-17","Define CSC stage support model","DONE","paul","ontoForge_02;ontoForge_03;P1-017","EP-17","TASK-15.3","specs/ontoForge_02_Lifecycle-Specification_v1.1.md;specs/ontoForge_03_Product-Spec_V1.1.md;specs/support_ontology_governance_incorporation_model_v1.md","specs/support_ontology_csc_stage_model_v1.md","python tools/bootstrap_validate.py --execute-validation-methods dry-run","support_ontology_csc_stage_model_v1_completed_2026-03-07","CSC S1-S7 support-layer semantics defined with runtime boundary allocation and explicit non-goals. | Runtime instantiation clarification addendum captured for non-conflation and boundary-object discipline."
"TASK-17.2","P1-017","BPL-17","Define invariant taxonomy model","DONE","paul","ontoForge_02;ontoForge_04;P1-017","EP-17","TASK-17.1","specs/ontoForge_02_Lifecycle-Specification_v1.1.md;specs/ontoForge_04_Decisions-Register_v1.1.md","specs/support_ontology_invariant_model_v1.md","python tools/bootstrap_validate.py --execute-validation-methods dry-run","support_ontology_invariant_model_v1_completed_2026-03-07","Invariant taxonomy completed with CIR family grouping, non-permissive failure semantics, stage-local overrides, and reason-code alignment model."
"TASK-17.3","P1-017","BPL-17","Define machine contract target map","DONE","paul","ontoForge_02;ontoForge_04;P1-017","EP-17","TASK-17.1;TASK-17.2","specs/support_ontology_csc_stage_model_v1.md;specs/support_ontology_invariant_model_v1.md;specs/support_ontology_identifier_and_mvp_boundary_v1.md;ontology/kernel.ttl;ontology/kernel.shacl.ttl","specs/support_ontology_machine_contract_map_v1.md","python tools/bootstrap_validate.py --execute-validation-methods dry-run","support_ontology_machine_contract_map_v1_completed_2026-03-07","Machine contract target map completed with lifecycle-stage allocation, invariant-family allocation, kernel/SHACL fit assessment, and validator-bound surface rules."
"TASK-18.1","P1-018","BPL-18","Define support ontology execution program","DONE","paul","ontoForge_02;ontoForge_03;ontoForge_04;P1-018","EP-18","","bootstrap/plans/inactive/reference/proposed_support_ontology_full_layer_backlog_v1.md;bootstrap/plans/inactive/reference/of03_product_spec_implementation_plan.md;specs/product_runtime_instantiation_clarification_addendum_2026-03-07.md","bootstrap/plans/archive/support_ontology_execution_program_v1.completed_2026-03-07.md","python tools/bootstrap_validate.py --execute-validation-methods dry-run","support_ontology_execution_program_v1_completed_2026-03-07","Execution program defined to sequence SO-W2 closure, addendum-aligned repo correction, and Runtime 2 readiness work without duplicating approved backlog structure."
"TASK-18.2","P1-018","BPL-18","Refresh execution admin controls","DONE","paul","ontoForge_80;ontoForge_81;P1-018","EP-18","TASK-18.1","bootstrap/plans/phase1_execution_plan.md;bootstrap/plans/PLAN_INDEX.md;bootstrap/plans/phase1_plan_items.csv;bootstrap/bridge/task_ledger.csv;bootstrap/bridge/evidence_register.csv","bootstrap/plans/phase1_execution_plan.md","python tools/bootstrap_validate.py --execute-validation-methods dry-run","execution_admin_controls_refreshed_2026-03-07","Execution admin controls refreshed for markdown canonicality, active workstream visibility, and support-ontology program sequencing."
"TASK-18.3","P1-018","BPL-18","Refresh boundary-object translation docs","DONE","paul","ontoForge_03;ontoForge_04;P1-018","EP-18","TASK-17.1;TASK-18.2","specs/product_runtime_instantiation_clarification_addendum_2026-03-07.md;specs/product_boundary_objects_v1.md;specs/product_runtime_mapping_v1.md","specs/product_boundary_objects_v1.md","python tools/bootstrap_validate.py --execute-validation-methods dry-run","boundary_object_translation_docs_refreshed_2026-03-07","Boundary translation docs refreshed with addendum non-conflation rules, corrected repo-state mapping, and explicit separation of lifecycle candidates from boundary objects and Runtime 3 operational instantiation."
"TASK-18.4","P1-018","BPL-18","Align Runtime 1 canonical payload implementation","DONE","paul","ontoForge_03;ontoForge_04;P1-018","EP-18","TASK-16.3;TASK-18.2","specs/support_ontology_release_composition_v1.md;specs/support_ontology_release_payload_contract_v1.md;runtime/runtime1_engine.py;tools/packager.py;tests/test_runtime1_engine.py;tests/test_packager.py","dist/SupportOntologyRelease-v0.2.0/release_manifest.json","python tools/bootstrap_validate.py --execute-validation-methods dry-run","runtime1_canonical_payload_aligned_2026-03-07","Runtime 1 now packages the canonical kernel plus SHACL payload, declares ontology/kernel.ttl as primary_file, excludes ontology/support.ttl from release membership, and rebuilds the v0.2.0 release artifact under deterministic promotion-gated verification."
"TASK-18.5","P1-018","BPL-18","Harden Runtime 3 load-binding gate","DONE","paul","ontoForge_03;ontoForge_04;P1-018","EP-18","TASK-11.3;TASK-18.3","specs/product_runtime_instantiation_clarification_addendum_2026-03-07.md;specs/product_boundary_objects_v1.md;src/loader.py;tests/test_loader.py;tests/test_boundary_load_discipline.py;schemas/runtime_load_manifest.schema.json","src/loader.py","python tools/bootstrap_validate.py --execute-validation-methods dry-run","runtime3_load_binding_gate_hardened_2026-03-07","Loader API is split between generic verify_and_load() and Runtime-3-specific verify_and_load_runtime3(); tenant SCR_TBox loading now requires SCR_Runtime_LoadManifest and generic path explicitly rejects SCR_TBox runtime loading."
"TASK-19.1","P1-019","BPL-19","Define SO-W3 execution decomposition controls","DONE","paul","ontoForge_02;ontoForge_03;ontoForge_04;P1-019","EP-19","TASK-18.5","specs/product_runtime_instantiation_clarification_addendum_2026-03-07.md;bootstrap/plans/inactive/reference/proposed_support_ontology_full_layer_backlog_v1.md;bootstrap/plans/inactive/reference/of03_product_spec_implementation_plan.md;specs/support_ontology_machine_contract_map_v1.md","bootstrap/plans/archive/p1/p1_019_so_w3_execution_decomposition_v1.md","python tools/bootstrap_validate.py --execute-validation-methods dry-run","p1_019_decomposition_defined_2026-03-07","SO-W3 decomposition established with explicit task sequencing, scope boundaries, and EP-19 gate intent."
"TASK-19.2","P1-019","BPL-19","Define support ontology authority model for Runtime 2","DONE","paul","ontoForge_02;ontoForge_03;ontoForge_04;P1-019","EP-19","TASK-19.1;TASK-17.1","specs/product_runtime_instantiation_clarification_addendum_2026-03-07.md;specs/ontoForge_02_Lifecycle-Specification_v1.1.md;specs/product_event_model_v1.md;specs/support_ontology_machine_contract_map_v1.md","specs/support_ontology_authority_model_v1.md","python tools/bootstrap_validate.py --execute-validation-methods dry-run","support_ontology_authority_model_v1_completed_2026-03-07","Define authority/issuance vocabulary subset for compile-safe Runtime-2 semantics without Runtime-3 authority-event execution design."
"TASK-19.3","P1-019","BPL-19","Define support ontology operation-control model for Runtime 2","DONE","paul","ontoForge_02;ontoForge_03;ontoForge_04;P1-019","EP-19","TASK-19.1;TASK-17.2","specs/product_runtime_instantiation_clarification_addendum_2026-03-07.md;specs/ontoForge_02_Lifecycle-Specification_v1.1.md;specs/product_event_model_v1.md;specs/support_ontology_invariant_model_v1.md","specs/support_ontology_operation_model_v1.md","python tools/bootstrap_validate.py --execute-validation-methods dry-run","support_ontology_operation_model_v1_completed_2026-03-07","Define authorization/eligibility/denial/control subset semantics for compile-safe Runtime-2 output typing and admissibility."
"TASK-19.4","P1-019","BPL-19","Define support ontology target scope action effect model","DONE","paul","ontoForge_02;ontoForge_03;ontoForge_04;P1-019","EP-19","TASK-19.1;TASK-17.2","specs/product_runtime_instantiation_clarification_addendum_2026-03-07.md;specs/ontoForge_02_Lifecycle-Specification_v1.1.md;specs/ontoForge_03_Product-Spec_V1.1.md;specs/support_ontology_machine_contract_map_v1.md","specs/support_ontology_target_scope_action_model_v1.md","python tools/bootstrap_validate.py --execute-validation-methods dry-run","support_ontology_target_scope_action_model_v1_completed_2026-03-07","Define explicit target/scope/action/effect vocabulary with no implicit target expansion or ambiguous action/effect semantics."
"TASK-19.5","P1-019","BPL-19","Publish SO-W3 integration review closure note","DONE","paul","ontoForge_02;ontoForge_03;ontoForge_04;P1-019","EP-19","TASK-19.3;TASK-19.4","specs/product_runtime_instantiation_clarification_addendum_2026-03-07.md;specs/support_ontology_authority_model_v1.md;specs/support_ontology_operation_model_v1.md;specs/support_ontology_target_scope_action_model_v1.md","specs/support_ontology_w3_compiler_vocabulary_review_v1.md","python tools/bootstrap_validate.py --execute-validation-methods dry-run","support_ontology_w3_compiler_vocabulary_review_v1_completed_2026-03-07","Cross-model consistency, boundary checks, and handoff readiness summary for transition into SO-W4; includes authority-model consistency checks."
"TASK-20.1","P1-020","BPL-20","Define SO-W4 execution decomposition controls","DONE","paul","ontoForge_02;ontoForge_03;ontoForge_04;P1-020","EP-20","TASK-19.5","specs/product_runtime_instantiation_clarification_addendum_2026-03-07.md;bootstrap/plans/inactive/reference/proposed_support_ontology_full_layer_backlog_v1.md;specs/support_ontology_w3_compiler_vocabulary_review_v1.md","bootstrap/plans/archive/p1/p1_020_so_w4_execution_decomposition_v1.md","python tools/bootstrap_validate.py --execute-validation-methods dry-run","p1_020_decomposition_defined_2026-03-07","SO-W4 decomposition established with executable task sequencing and EP-20 gate intent."
"TASK-20.2","P1-020","BPL-20","Define minimum tenant workflow input contract","DONE","paul","ontoForge_02;ontoForge_03;ontoForge_04;P1-020","EP-20","TASK-20.1;TASK-19.4","specs/ontoForge_03_Product-Spec_V1.1.md;specs/support_ontology_target_scope_action_model_v1.md;specs/support_ontology_operation_model_v1.md;specs/support_ontology_identifier_and_mvp_boundary_v1.md","specs/runtime2_tenant_workflow_input_contract_v1.md","python tools/bootstrap_validate.py --execute-validation-methods dry-run","runtime2_tenant_workflow_input_contract_v1_completed_2026-03-07","Define canonical tenant input surface for first compile with explicit actions, target sets, effect semantics, routing/domain declarations, and ai_operable semantics under fail-closed rules."
"TASK-20.3","P1-020","BPL-20","Define compiled control primitive output contract","DONE","paul","ontoForge_03;ontoForge_04;P1-020","EP-20","TASK-20.2;TASK-16.3","specs/runtime2_tenant_workflow_input_contract_v1.md;specs/product_boundary_objects_v1.md;specs/support_ontology_release_payload_contract_v1.md","specs/runtime2_compiled_control_primitives_v1.md","python tools/bootstrap_validate.py --execute-validation-methods dry-run","runtime2_compiled_control_primitives_v1_completed_2026-03-07","Define semantic contract for Runtime-2 outputs emitted into tenant-scoped SCR_TBox_Release with explicit provenance and load meaning."
"TASK-20.4","P1-020","BPL-20","Define support-to-compiler admissibility matrix","DONE","paul","ontoForge_02;ontoForge_03;ontoForge_04;P1-020","EP-20","TASK-20.2;TASK-17.3","specs/support_ontology_machine_contract_map_v1.md;specs/runtime2_tenant_workflow_input_contract_v1.md;specs/support_ontology_invariant_model_v1.md","specs/runtime2_support_admissibility_matrix_v1.md","python tools/bootstrap_validate.py --execute-validation-methods dry-run","runtime2_support_admissibility_matrix_v1_completed_2026-03-07","Define deterministic matrix mapping tenant input features to support-layer admissibility checks with accept/reject expectations."
"TASK-20.5","P1-020","BPL-20","Publish SO-W4 integration review closure note","DONE","paul","ontoForge_02;ontoForge_03;ontoForge_04;P1-020","EP-20","TASK-20.3;TASK-20.4","specs/runtime2_tenant_workflow_input_contract_v1.md;specs/runtime2_compiled_control_primitives_v1.md;specs/runtime2_support_admissibility_matrix_v1.md;specs/product_runtime_instantiation_clarification_addendum_2026-03-07.md","specs/runtime2_compiler_contract_baseline_review_v1.md","python tools/bootstrap_validate.py --execute-validation-methods dry-run","runtime2_compiler_contract_baseline_review_v1_completed_2026-03-07","Cross-model consistency, boundary checks, and handoff readiness summary for transition into SO-W5 validation gate design."
"TASK-21.1","P1-021","BPL-21","Define SO-W5 execution decomposition controls","DONE","paul","ontoForge_02;ontoForge_03;ontoForge_04;P1-021","EP-21","TASK-20.5","specs/product_runtime_instantiation_clarification_addendum_2026-03-07.md;bootstrap/plans/inactive/reference/proposed_support_ontology_full_layer_backlog_v1.md;specs/runtime2_compiler_contract_baseline_review_v1.md","bootstrap/plans/archive/p1/p1_021_so_w5_execution_decomposition_v1.md","python tools/bootstrap_validate.py --execute-validation-methods dry-run","p1_021_decomposition_defined_2026-03-07","SO-W5 decomposition established with executable task sequencing and EP-21 gate intent."
"TASK-21.2","P1-021","BPL-21","Define ontology SHACL validation uplift targets","DONE","paul","ontoForge_02;ontoForge_03;ontoForge_04;P1-021","EP-21","TASK-21.1;TASK-17.3","ontology/kernel.ttl;ontology/kernel.shacl.ttl;specs/support_ontology_machine_contract_map_v1.md;specs/runtime2_support_admissibility_matrix_v1.md","specs/support_ontology_validation_uplift_v1.md","python tools/bootstrap_validate.py --execute-validation-methods dry-run","support_ontology_validation_uplift_v1_completed_2026-03-07","Define explicit backlog of ontology and SHACL uplift targets for missing machine-consumable semantics required by Runtime-2 validation gates."
"TASK-21.3","P1-021","BPL-21","Define runtime2 semantic gate requirements","DONE","paul","ontoForge_02;ontoForge_03;ontoForge_04;P1-021","EP-21","TASK-21.2;TASK-20.4","specs/runtime2_support_admissibility_matrix_v1.md;specs/support_ontology_invariant_model_v1.md;specs/support_ontology_identifier_and_mvp_boundary_v1.md","specs/runtime2_semantic_gate_requirements_v1.md","python tools/bootstrap_validate.py --execute-validation-methods dry-run","runtime2_semantic_gate_requirements_v1_completed_2026-03-07","Define deterministic non-SHACL validator requirements including input/output/fail-mode contracts for Runtime-2 admissibility gates."
"TASK-21.4","P1-021","BPL-21","Define reason-code evidence output contract","DONE","paul","ontoForge_02;ontoForge_03;ontoForge_04;P1-021","EP-21","TASK-21.3","specs/ontoForge_04_Decisions-Register_v1.1.md;specs/runtime2_semantic_gate_requirements_v1.md;specs/support_ontology_invariant_model_v1.md","specs/support_ontology_reasoncode_evidence_contract_v1.md","python tools/bootstrap_validate.py --execute-validation-methods dry-run","support_ontology_reasoncode_evidence_contract_v1_completed_2026-03-07","Define deterministic reason-code and evidence output requirements for successful and non-permissive Runtime-2 validation outcomes."
"TASK-21.5","P1-021","BPL-21","Publish SO-W5 integration review closure note","DONE","paul","ontoForge_02;ontoForge_03;ontoForge_04;P1-021","EP-21","TASK-21.3;TASK-21.4","specs/support_ontology_validation_uplift_v1.md;specs/runtime2_semantic_gate_requirements_v1.md;specs/support_ontology_reasoncode_evidence_contract_v1.md;specs/product_runtime_instantiation_clarification_addendum_2026-03-07.md","specs/support_ontology_validation_gate_review_v1.md","python tools/bootstrap_validate.py --execute-validation-methods dry-run","support_ontology_validation_gate_review_v1_completed_2026-03-07","Cross-model consistency, boundary checks, and handoff readiness summary for transition into SO-W6 provenance and traceability semantics."
"TASK-22.1","P1-022","BPL-22","Define SO-W6 execution decomposition controls","DONE","paul","ontoForge_01;ontoForge_02;ontoForge_03;ontoForge_04;P1-022","EP-22","TASK-21.5","specs/product_runtime_instantiation_clarification_addendum_2026-03-07.md;bootstrap/plans/inactive/reference/proposed_support_ontology_full_layer_backlog_v1.md;specs/support_ontology_validation_gate_review_v1.md","bootstrap/plans/archive/p1/p1_022_so_w6_execution_decomposition_v1.md","python tools/bootstrap_validate.py --execute-validation-methods dry-run","p1_022_decomposition_defined_2026-03-07","SO-W6 decomposition established with executable task sequencing and EP-22 gate intent."
"TASK-22.2","P1-022","BPL-22","Define doctrinal traceability model","DONE","paul","ontoForge_01;ontoForge_02;ontoForge_03;ontoForge_04;P1-022","EP-22","TASK-22.1","specs/ontoForge_01_Doctrine_v1.1.md;specs/ontoForge_02_Lifecycle-Specification_v1.1.md;specs/ontoForge_03_Product-Spec_V1.1.md;specs/ontoForge_04_Decisions-Register_v1.1.md","specs/support_ontology_traceability_model_v1.md","python tools/bootstrap_validate.py --execute-validation-methods dry-run","support_ontology_traceability_model_v1_completed_2026-03-07","Define explicit traceability anchors from support-layer terms, shapes, validators, and release evidence back to canonical doctrine/lifecycle/decision sources."
"TASK-22.3","P1-022","BPL-22","Define support release provenance model","DONE","paul","ontoForge_02;ontoForge_03;ontoForge_04;P1-022","EP-22","TASK-22.2;TASK-21.4","specs/support_ontology_release_payload_contract_v1.md;specs/support_ontology_reasoncode_evidence_contract_v1.md;specs/product_boundary_objects_v1.md","specs/support_release_provenance_model_v1.md","python tools/bootstrap_validate.py --execute-validation-methods dry-run","support_release_provenance_model_v1_completed_2026-03-07","Define Runtime-1 release provenance semantics linking payload digests, validation outcomes, and issuance evidence to exact release identity."
"TASK-22.4","P1-022","BPL-22","Define support-to-tbox dependency provenance rules","DONE","paul","ontoForge_02;ontoForge_03;ontoForge_04;P1-022","EP-22","TASK-22.3;TASK-20.3","specs/runtime2_compiled_control_primitives_v1.md;specs/support_release_provenance_model_v1.md;specs/product_runtime_mapping_v1.md","specs/support_to_tbox_dependency_provenance_v1.md","python tools/bootstrap_validate.py --execute-validation-methods dry-run","support_to_tbox_dependency_provenance_v1_completed_2026-03-07","Define exact dependency/provenance rules for how SCR_TBox_Release records and proves support-release lineage for downstream load/replay."
"TASK-22.5","P1-022","BPL-22","Publish SO-W6 integration review closure note","DONE","paul","ontoForge_01;ontoForge_02;ontoForge_03;ontoForge_04;P1-022","EP-22","TASK-22.3;TASK-22.4","specs/support_ontology_traceability_model_v1.md;specs/support_release_provenance_model_v1.md;specs/support_to_tbox_dependency_provenance_v1.md;specs/product_runtime_instantiation_clarification_addendum_2026-03-07.md","specs/support_ontology_provenance_traceability_review_v1.md","python tools/bootstrap_validate.py --execute-validation-methods dry-run","support_ontology_provenance_traceability_review_v1_completed_2026-03-07","Cross-model consistency, boundary checks, and handoff readiness summary for transition into SO-W7 Runtime-2 readiness proof."
"TASK-23.1","P1-023","BPL-23","Define SO-W7 execution decomposition controls","DONE","paul","ontoForge_02;ontoForge_03;ontoForge_04;P1-023","EP-23","TASK-22.5","specs/product_runtime_instantiation_clarification_addendum_2026-03-07.md;bootstrap/plans/inactive/reference/proposed_support_ontology_full_layer_backlog_v1.md;specs/support_ontology_provenance_traceability_review_v1.md","bootstrap/plans/archive/p1/p1_023_so_w7_execution_decomposition_v1.md","python tools/bootstrap_validate.py --execute-validation-methods dry-run","p1_023_decomposition_defined_2026-03-07","SO-W7 decomposition established with executable task sequencing and EP-23 gate intent."
"TASK-23.2","P1-023","BPL-23","Define positive semantic fixture set","DONE","paul","ontoForge_02;ontoForge_03;ontoForge_04;P1-023","EP-23","TASK-23.1","specs/runtime2_tenant_workflow_input_contract_v1.md;specs/runtime2_support_admissibility_matrix_v1.md;specs/support_to_tbox_dependency_provenance_v1.md","specs/support_ontology_positive_fixture_set_v1.md","python tools/bootstrap_validate.py --execute-validation-methods dry-run","support_ontology_positive_fixture_set_v1_completed_2026-03-07","Define positive fixture catalogue covering first-compile semantic families and expected acceptance outcomes."
"TASK-23.3","P1-023","BPL-23","Define negative semantic fixture set","DONE","paul","ontoForge_02;ontoForge_03;ontoForge_04;P1-023","EP-23","TASK-23.1;TASK-21.4","specs/runtime2_support_admissibility_matrix_v1.md;specs/support_ontology_reasoncode_evidence_contract_v1.md;specs/support_to_tbox_dependency_provenance_v1.md","specs/support_ontology_negative_fixture_set_v1.md","python tools/bootstrap_validate.py --execute-validation-methods dry-run","support_ontology_negative_fixture_set_v1_completed_2026-03-07","Define negative fixture catalogue with deterministic non-permissive outcomes and expected reason-code families."
"TASK-23.4","P1-023","BPL-23","Define minimum Runtime2 readiness gate","DONE","paul","ontoForge_02;ontoForge_03;ontoForge_04;P1-023","EP-23","TASK-23.2;TASK-23.3","specs/support_ontology_positive_fixture_set_v1.md;specs/support_ontology_negative_fixture_set_v1.md;specs/support_to_tbox_dependency_provenance_v1.md","specs/support_ontology_runtime2_readiness_gate_v1.md","python tools/bootstrap_validate.py --execute-validation-methods dry-run","support_ontology_runtime2_readiness_gate_v1_completed_2026-03-07","Define minimum positive, negative, and lineage gate proving readiness to start Runtime-2 implementation."
"TASK-23.5","P1-023","BPL-23","Publish SO-W7 integration review closure note","DONE","paul","ontoForge_02;ontoForge_03;ontoForge_04;P1-023","EP-23","TASK-23.3;TASK-23.4","specs/support_ontology_positive_fixture_set_v1.md;specs/support_ontology_negative_fixture_set_v1.md;specs/support_ontology_runtime2_readiness_gate_v1.md;specs/product_runtime_instantiation_clarification_addendum_2026-03-07.md","specs/support_ontology_runtime2_readiness_review_v1.md","python tools/bootstrap_validate.py --execute-validation-methods dry-run","support_ontology_runtime2_readiness_review_v1_completed_2026-03-07","Cross-model consistency and boundary-safe readiness closure note for SO-W7 evidence verification."
"TASK-24.1","P1-024","BPL-24","Define support ontology post-review hardening decomposition controls","DONE","paul","ontoForge_01;ontoForge_02;ontoForge_03;ontoForge_04;P1-024","EP-24","TASK-23.5","specs/ontoForge_01_Doctrine_v1.1.md;specs/ontoForge_02_Lifecycle-Specification_v1.1.md;specs/ontoForge_03_Product-Spec_V1.1.md;specs/ontoForge_04_Decisions-Register_v1.1.md;specs/support_ontology_runtime2_readiness_review_v1.md","bootstrap/plans/archive/p1/p1_024_support_ontology_post_review_hardening_decomposition_v1.md","python tools/bootstrap_validate.py --execute-validation-methods dry-run","p1_024_hardening_decomposition_defined_2026-03-08","Bounded hardening wave registered to close executable review findings without mixing them into the larger uplift backlog."
"TASK-24.2","P1-024","BPL-24","Align Runtime 1 candidate evaluation to approved support payload","DONE","paul","ontoForge_03;ontoForge_04;P1-024","EP-24","TASK-24.1;TASK-16.3","specs/support_ontology_ttl_admission_register_v1.md;specs/support_ontology_release_payload_contract_v1.md;runtime/runtime1_engine.py;tests/test_runtime1_engine.py","runtime/runtime1_engine.py","python -m unittest tests.test_runtime1_engine.Runtime1EngineTests.test_evaluate_release_candidate -v","runtime1_candidate_payload_alignment_verified_2026-03-08","Runtime 1 candidate evaluation now parses only canonical support payload members and explicitly excludes support.ttl from required candidate checks."
"TASK-24.3","P1-024","BPL-24","Make loader extraction hermetic against stale state","DONE","paul","ontoForge_03;ontoForge_04;P1-024","EP-24","TASK-24.1;TASK-18.5","src/loader.py;tests/test_loader.py;tests/test_runtime1_engine.py","src/loader.py","python -m unittest tests.test_loader.LoaderSecurityTests.test_replaces_stale_files_when_loading_valid_package_v2 -v","loader_hermetic_replacement_verified_2026-03-08","Loader now clears existing load directories before unpacking verified members and regression coverage proves stale files do not survive reload or Runtime 1 promotion verification reuse."
"TASK-24.4","P1-024","BPL-24","Normalize support ontology contract approval status","DONE","paul","ontoForge_03;ontoForge_04;P1-024","EP-24","TASK-24.2;TASK-24.3","specs/support_ontology_release_payload_contract_v1.md;specs/support_ontology_namespace_policy_v1.md","specs/support_ontology_release_payload_contract_v1.md","python tools/bootstrap_validate.py --execute-validation-methods dry-run","support_ontology_contract_status_normalized_2026-03-08","Release payload contract and namespace policy status fields normalized to APPROVED so canonical document state matches completed execution closure."
"TASK-24.5","P1-024","BPL-24","Publish support ontology post-review hardening review","DONE","paul","ontoForge_01;ontoForge_02;ontoForge_03;ontoForge_04;P1-024","EP-24","TASK-24.2;TASK-24.4","bootstrap/plans/archive/p1/p1_024_support_ontology_post_review_hardening_decomposition_v1.md;specs/support_ontology_validation_uplift_v1.md;specs/support_ontology_runtime2_readiness_review_v1.md","specs/support_ontology_post_review_hardening_review_v1.md","python tools/bootstrap_validate.py --execute-validation-methods dry-run","support_ontology_post_review_hardening_completed_2026-03-08","Closure review records completed executable hardening, residual uplift scope, and explicit queuing of P1-025 as the next workstream."
"TASK-25.1","P1-025","BPL-25","Define Priority-1 uplift execution decomposition controls","DONE","paul","ontoForge_01;ontoForge_02;ontoForge_03;ontoForge_04;P1-025","EP-25","TASK-24.5","specs/ontoForge_02_Lifecycle-Specification_v1.1.md;specs/ontoForge_03_Product-Spec_V1.1.md;specs/ontoForge_04_Decisions-Register_v1.1.md;specs/support_ontology_validation_uplift_v1.md;specs/product_runtime_instantiation_clarification_addendum_2026-03-07.md","bootstrap/plans/archive/p1/p1_025_support_ontology_priority1_uplift_decomposition_v1.md","python tools/bootstrap_validate.py --execute-validation-methods dry-run","p1_025_priority1_decomposition_defined_2026-03-08","Registers the bounded Priority-1 ontology/SHACL uplift execution wave against the approved uplift backlog and addendum boundaries."
"TASK-25.2","P1-025","BPL-25","Implement Priority-1 ontology uplift targets","DONE","paul","ontoForge_02;ontoForge_03;ontoForge_04;P1-025","EP-25","TASK-25.1;TASK-21.2","specs/support_ontology_validation_uplift_v1.md;specs/support_ontology_target_scope_action_model_v1.md;specs/support_ontology_operation_model_v1.md;specs/support_ontology_authority_model_v1.md;ontology/kernel.ttl","ontology/kernel.ttl","python -m unittest tests.test_ontology.TestOntology.test_kernel_terms_are_in_kernel_namespace -v","support_ontology_priority1_ontology_uplift_verified_2026-03-08","Implements Priority-1 ontology uplift targets O-UP-01..09 for compile-plane target, scope, action, effect, authorization, eligibility, denial, and control-state semantics."
"TASK-25.3","P1-025","BPL-25","Implement Priority-1 SHACL uplift targets","DONE","paul","ontoForge_02;ontoForge_03;ontoForge_04;P1-025","EP-25","TASK-25.2;TASK-21.2","specs/support_ontology_validation_uplift_v1.md;specs/runtime2_tenant_workflow_input_contract_v1.md;specs/runtime2_support_admissibility_matrix_v1.md;ontology/kernel.shacl.ttl;ontology/kernel.ttl","ontology/kernel.shacl.ttl","python -m unittest tests.test_negative_shacl -v","support_ontology_priority1_shacl_uplift_verified_2026-03-08","Implements Priority-1 SHACL uplift targets S-UP-01..10 for explicit compile-plane field presence and controlled enumerations."
"TASK-25.4","P1-025","BPL-25","Prove uplift with Runtime 2 fixture coverage","DONE","paul","ontoForge_02;ontoForge_03;ontoForge_04;P1-025","EP-25","TASK-25.2;TASK-25.3","specs/support_ontology_positive_fixture_set_v1.md;specs/support_ontology_negative_fixture_set_v1.md;ontology/examples/example-runtime2-input.ttl;ontology/negative_examples/targetset_missing_selection_basis.ttl;ontology/negative_examples/actioneffectbinding_missing_effect_ref.ttl;ontology/negative_examples/eligibilitysemantic_missing_status.ttl;ontology/negative_examples/tenantworkflow_missing_aioperable.ttl;tests/test_negative_shacl.py","ontology/examples/example-runtime2-input.ttl","python -m unittest tests.test_ontology -v","support_ontology_priority1_fixture_proof_verified_2026-03-08","Adds positive and negative fixture coverage proving the Priority-1 compile-plane support surface conforms and fails closed as intended."
"TASK-25.5","P1-025","BPL-25","Publish Priority-1 uplift closure review","DONE","paul","ontoForge_01;ontoForge_02;ontoForge_03;ontoForge_04;P1-025","EP-25","TASK-25.3;TASK-25.4","specs/support_ontology_validation_uplift_v1.md;ontology/kernel.ttl;ontology/kernel.shacl.ttl;specs/support_ontology_positive_fixture_set_v1.md;specs/support_ontology_negative_fixture_set_v1.md","specs/support_ontology_priority1_uplift_review_v1.md","python tools/bootstrap_validate.py --execute-validation-methods dry-run","support_ontology_priority1_uplift_review_completed_2026-03-08","Closure review records completed Priority-1 uplift coverage, validation outcomes, and residual Priority-2 scope."
"TASK-26.1","P1-026","BPL-26","Define Priority-2 uplift execution decomposition controls","DONE","paul","ontoForge_01;ontoForge_02;ontoForge_03;ontoForge_04;P1-026","EP-26","TASK-25.5","specs/ontoForge_02_Lifecycle-Specification_v1.1.md;specs/ontoForge_03_Product-Spec_V1.1.md;specs/ontoForge_04_Decisions-Register_v1.1.md;specs/support_ontology_validation_uplift_v1.md;specs/runtime2_compiled_control_primitives_v1.md;specs/product_runtime_instantiation_clarification_addendum_2026-03-07.md","bootstrap/plans/archive/p1/p1_026_support_ontology_priority2_uplift_decomposition_v1.md","python tools/bootstrap_validate.py --execute-validation-methods dry-run","p1_026_priority2_decomposition_defined_2026-03-08","Registers the bounded Priority-2 uplift wave against the approved output/provenance backlog and addendum boundaries."
"TASK-26.2","P1-026","BPL-26","Implement Priority-2 ontology uplift targets","DONE","paul","ontoForge_02;ontoForge_03;ontoForge_04;P1-026","EP-26","TASK-26.1;TASK-21.2","specs/support_ontology_validation_uplift_v1.md;specs/runtime2_compiled_control_primitives_v1.md;specs/support_ontology_reasoncode_evidence_contract_v1.md;specs/support_ontology_identifier_and_mvp_boundary_v1.md;ontology/kernel.ttl","ontology/kernel.ttl","python -m unittest tests.test_ontology.TestOntology.test_kernel_terms_are_in_kernel_namespace -v","support_ontology_priority2_ontology_uplift_verified_2026-03-08","Implements Priority-2 ontology uplift targets O-UP-10..12 for compiled primitives, provenance anchors, and reason-code category vocabulary."
"TASK-26.3","P1-026","BPL-26","Implement Priority-2 SHACL uplift targets","DONE","paul","ontoForge_02;ontoForge_03;ontoForge_04;P1-026","EP-26","TASK-26.2;TASK-21.2","specs/support_ontology_validation_uplift_v1.md;specs/runtime2_compiled_control_primitives_v1.md;specs/support_ontology_identifier_and_mvp_boundary_v1.md;ontology/kernel.shacl.ttl;ontology/kernel.ttl","ontology/kernel.shacl.ttl","python -m unittest tests.test_runtime2_output_shacl.Runtime2OutputShaclTests.test_compiled_output_positive_fixture_conforms -v","support_ontology_priority2_shacl_uplift_verified_2026-03-08","Implements Priority-2 SHACL uplift targets S-UP-11..12 for compiled output completeness and coarse MVP constraint exclusion."
"TASK-26.4","P1-026","BPL-26","Prove Priority-2 uplift with compiled-output fixture coverage","DONE","paul","ontoForge_02;ontoForge_03;ontoForge_04;P1-026","EP-26","TASK-26.2;TASK-26.3","ontology/examples/example-runtime2-compiled-output.ttl;ontology/negative_examples/compiledprimitive_missing_support_release_ref.ttl;ontology/negative_examples/compilepolicy_missing_reason_category.ttl;ontology/negative_examples/tenantworkflow_with_constraints.ttl;ontology/negative_examples/compiledprimitive_with_constraints.ttl;tests/test_runtime2_output_shacl.py","tests/test_runtime2_output_shacl.py","python -m unittest tests.test_runtime2_output_shacl -v","support_ontology_priority2_fixture_proof_verified_2026-03-08","Adds positive and negative fixture coverage for compiled-output completeness, provenance, reason policy, and MVP no-constraint boundaries."
"TASK-26.5","P1-026","BPL-26","Publish Priority-2 uplift closure review","DONE","paul","ontoForge_01;ontoForge_02;ontoForge_03;ontoForge_04;P1-026","EP-26","TASK-26.3;TASK-26.4","specs/support_ontology_validation_uplift_v1.md;ontology/kernel.ttl;ontology/kernel.shacl.ttl;tests/test_runtime2_output_shacl.py","specs/support_ontology_priority2_uplift_review_v1.md","python tools/bootstrap_validate.py --execute-validation-methods dry-run","support_ontology_priority2_uplift_review_completed_2026-03-08","Closure review records completed Priority-2 uplift coverage and marks the support-ontology uplift backlog as closed."
"TASK-27.1","P2-001","BPL-27","Define successor execution program controls","DONE","paul","ontoForge_03;ontoForge_04;P2-001","EP-27","","bootstrap/plans/phase1_execution_plan.md;bootstrap/plans/PLAN_INDEX.md","bootstrap/plans/programs/post_p1_026_full_solution_program_plan_v1.md","python tools/bootstrap_validate.py --execute-validation-methods dry-run","successor_execution_program_controls_completed_2026-03-08","Registers successor hierarchy and machine-checkable mapping controls for the delta-resolution M1 lane."
"TASK-27.2","P2-001","BPL-27","Review existing implementation-facing contract baseline against P2 scope","DONE","paul","ontoForge_03;ontoForge_04;P2-001","EP-27","TASK-27.1","specs/product_runtime_mapping_v1.md;specs/product_event_model_v1.md;specs/product_boundary_objects_v1.md;specs/runtime2_compiler_contract_baseline_review_v1.md","specs/p2_contract_translation_review_v1.md","python tools/bootstrap_validate.py --execute-validation-methods dry-run","p2_contract_translation_review_v1_completed_2026-03-08","Reviews existing runtime/event/boundary contract surfaces and records what remains sufficient versus what is missing for P2."
"TASK-27.3","P2-001","BPL-27","Produce P2 contract delta register","DONE","paul","ontoForge_03;ontoForge_04;P2-001","EP-27","TASK-27.2","specs/p2_contract_translation_review_v1.md;bootstrap/plans/manifests/phase2_traceability_map.csv","specs/p2_contract_delta_register_v1.md","python tools/bootstrap_validate.py --execute-validation-methods dry-run","p2_contract_delta_register_v1_completed_2026-03-08","Records only the approved P2 deltas, their downstream owner, and whether a narrow addendum or later replacement is required."
"TASK-27.4","P2-001","BPL-27","Define tenant-scope runtime-handoff rules","DONE","paul","ontoForge_03;ontoForge_04;P2-001","EP-27","TASK-27.2","specs/p2_contract_translation_review_v1.md;specs/product_event_model_v1.md;specs/product_boundary_objects_v1.md","specs/product_tenant_scope_rules_v1.md","python tools/bootstrap_validate.py --execute-validation-methods dry-run","product_tenant_scope_rules_v1_completed_2026-03-08","Defines explicit tenant-scope and cross-runtime handoff rules only where the existing baseline leaves a real gap."
"TASK-27.5","P2-001","BPL-27","Publish P2 contract translation closure note","DONE","paul","ontoForge_03;ontoForge_04;P2-001","EP-27","TASK-27.3;TASK-27.4","specs/p2_contract_delta_register_v1.md;specs/product_tenant_scope_rules_v1.md","specs/p2_contract_translation_closure_v1.md","python tools/bootstrap_validate.py --execute-validation-methods dry-run","p2_contract_translation_closure_v1_completed_2026-03-08","Closes M1 by confirming the retained baseline, approved deltas, and explicit downstream ownership without implying blanket v2 rewrites."
"TASK-28.1","P2-002","BPL-28","Define Runtime 1 productization delta contract","DONE","paul","ontoForge_03;ontoForge_04;P2-002","EP-28","TASK-27.1","specs/runtime1_support_release_engine_v1.md;bootstrap/plans/manifests/phase2_traceability_map.csv","specs/runtime1_support_release_engine_v2.md","python tools/bootstrap_validate.py --execute-validation-methods dry-run","runtime1_support_release_engine_v2_completed_2026-03-08","Defines Runtime 1 delta from hardened support-release baseline to successor closure criteria."
"TASK-28.2","P2-002","BPL-28","Verify Runtime 1 successor release-stable criteria","DONE","paul","ontoForge_03;ontoForge_04;P2-002","EP-28","TASK-28.1","specs/runtime1_support_release_engine_v2.md;runtime/runtime1_engine.py;tests/test_runtime1_engine.py;dist/SupportOntologyRelease-v0.2.0/release_manifest.json","specs/runtime1_successor_release_stability_review_v1.md","python tools/bootstrap_validate.py --execute-validation-methods dry-run","runtime1_successor_release_stability_review_v1_completed_2026-03-08","Verifies whether the current hardened Runtime 1 already satisfies the successor release-stable criteria without further redesign."
"TASK-28.3","P2-002","BPL-28","Publish Runtime 1 productization closure note","DONE","paul","ontoForge_03;ontoForge_04;P2-002","EP-28","TASK-28.2","specs/runtime1_support_release_engine_v2.md;specs/runtime1_successor_release_stability_review_v1.md","specs/runtime1_productization_closure_note_v1.md","python tools/bootstrap_validate.py --execute-validation-methods dry-run","runtime1_productization_closure_note_v1_completed_2026-03-08","Closes the Runtime 1 successor productization lane for EP-28 using the retained baseline plus explicit successor verification."
"TASK-29.1","P2-003","BPL-29","Define Runtime 2 implementation decomposition controls","DONE","paul","ontoForge_03;ontoForge_04;P2-003","EP-29","TASK-27.1","specs/runtime2_compiler_contract_baseline_review_v1.md;specs/support_ontology_runtime2_readiness_review_v1.md","bootstrap/plans/programs/p2_003_runtime2_compiler_decomposition_v1.md","python tools/bootstrap_validate.py --execute-validation-methods dry-run","p2_003_runtime2_compiler_decomposition_v1_completed_2026-03-08","Defines executable Runtime 2 decomposition from contract baseline into implementation tasks."
"TASK-29.2","P2-003","BPL-29","Define Runtime 2 compiler module boundary","DONE","paul","ontoForge_03;ontoForge_04;P2-003","EP-29","TASK-29.1","bootstrap/plans/programs/p2_003_runtime2_compiler_decomposition_v1.md;specs/runtime2_compiler_contract_baseline_review_v1.md","specs/runtime2_compiler_module_boundary_v1.md","python tools/bootstrap_validate.py --execute-validation-methods dry-run","runtime2_compiler_module_boundary_v1_completed_2026-03-08","Defines compiler module boundaries and repo placement without reopening the approved Runtime 2 semantic baseline."
"TASK-29.3","P2-003","BPL-29","Define Runtime 2 ingest-admissibility contract","DONE","paul","ontoForge_03;ontoForge_04;P2-003","EP-29","TASK-29.1;TASK-29.2","specs/runtime2_tenant_workflow_input_contract_v1.md;specs/runtime2_support_admissibility_matrix_v1.md;specs/runtime2_compiler_module_boundary_v1.md","specs/runtime2_ingest_admissibility_contract_v1.md","python tools/bootstrap_validate.py --execute-validation-methods dry-run","runtime2_ingest_admissibility_contract_v1_completed_2026-03-08","Translates approved tenant input and admissibility semantics into implementation-facing ingest and gate controls."
"TASK-29.4","P2-003","BPL-29","Define Runtime 2 compiled-primitive emission contract","DONE","paul","ontoForge_03;ontoForge_04;P2-003","EP-29","TASK-29.1;TASK-29.2","specs/runtime2_compiled_control_primitives_v1.md;specs/runtime2_compiler_module_boundary_v1.md","specs/runtime2_compiled_primitive_emission_contract_v1.md","python tools/bootstrap_validate.py --execute-validation-methods dry-run","runtime2_compiled_primitive_emission_contract_v1_completed_2026-03-08","Translates approved compiled primitive semantics into implementation-facing emission, lineage, and evidence controls."
"TASK-29.5","P2-003","BPL-29","Publish Runtime 2 decomposition closure note","DONE","paul","ontoForge_03;ontoForge_04;P2-003","EP-29","TASK-29.3;TASK-29.4","specs/runtime2_ingest_admissibility_contract_v1.md;specs/runtime2_compiled_primitive_emission_contract_v1.md","specs/runtime2_compiler_decomposition_closure_v1.md","python tools/bootstrap_validate.py --execute-validation-methods dry-run","runtime2_compiler_decomposition_closure_v1_completed_2026-03-08","Closes the Runtime 2 decomposition package and hands off to implementation tasks without implying EP-29 closure."
"TASK-30.1","P2-004","BPL-30","Define Runtime 3 baseline decomposition controls","TO_DO","paul","ontoForge_03;ontoForge_04;P2-004","EP-30","TASK-29.1","specs/product_event_model_v1.md;specs/product_boundary_objects_v1.md","bootstrap/plans/programs/p2_004_runtime3_baseline_decomposition_v1.md","python tools/bootstrap_validate.py --execute-validation-methods dry-run","","Defines minimal Runtime 3 tenant runtime baseline decomposition for first slice."
"TASK-31.1","P2-005","BPL-31","Define cross-runtime load discipline closure decomposition","TO_DO","paul","ontoForge_03;ontoForge_04;P2-005","EP-31","TASK-27.1","specs/product_boundary_objects_v1.md;schemas/runtime_load_manifest.schema.json","bootstrap/plans/programs/p2_005_boundary_load_discipline_decomposition_v1.md","python tools/bootstrap_validate.py --execute-validation-methods dry-run","","Defines strict boundary/load closure sequence across Runtime 1/2/3 transitions."
"TASK-32.1","P2-006","BPL-32","Define first complex three-runtime proving use case","TO_DO","paul","ontoForge_03;ontoForge_04;P2-006","EP-32","TASK-29.1;TASK-30.1","specs/runtime2_compiled_control_primitives_v1.md;specs/product_event_model_v1.md","specs/three_runtime_vertical_slice_proving_case_v1.md","python tools/bootstrap_validate.py --execute-validation-methods dry-run","","Defines auditable end-to-end proving case and replay closure conditions."
"TASK-29.6","P2-003","BPL-29","Implement Runtime 2 compiler executable skeleton","DONE","paul","ontoForge_03;ontoForge_04;P2-003","EP-29","TASK-29.5","specs/runtime2_compiler_module_boundary_v1.md;specs/runtime2_ingest_admissibility_contract_v1.md;specs/runtime2_compiled_primitive_emission_contract_v1.md","runtime/runtime2_engine.py","python -m unittest tests.test_runtime2_engine.Runtime2EngineTests.test_compile_smoke -v","runtime2_engine_compile_smoke_verified_2026-03-08","Executable Runtime 2 compiler skeleton implemented with explicit ingest, dependency binding, primitive emission, evidence emission, and release assembly orchestration."
"TASK-29.7","P2-003","BPL-29","Implement Runtime 2 ingest admissibility fail-closed tests","DONE","paul","ontoForge_03;ontoForge_04;P2-003","EP-29","TASK-29.6;TASK-29.3","specs/runtime2_ingest_admissibility_contract_v1.md;runtime/runtime2_engine.py","tests/test_runtime2_engine.py","python -m unittest tests.test_runtime2_engine.Runtime2EngineTests.test_rejects_non_admissible_input -v","runtime2_ingest_fail_closed_tests_verified_2026-03-08","Fail-closed Runtime 2 ingest/admissibility regression tests implemented, including explicit non-admissible aiOperable rejection."
"TASK-29.8","P2-003","BPL-29","Implement Runtime 2 deterministic SCR_TBox release packaging","DONE","paul","ontoForge_03;ontoForge_04;P2-003","EP-29","TASK-29.6;TASK-29.4","specs/runtime2_compiled_primitive_emission_contract_v1.md;runtime/runtime2_engine.py;tools/packager.py","tools/runtime2_packager.py","python -m unittest tests.test_runtime2_engine.Runtime2EngineTests.test_compile_emits_scr_tbox_release_manifest -v","runtime2_scr_tbox_packaging_verified_2026-03-08","Deterministic SCR_TBox release packaging implemented with explicit tenant scope, support-release dependency binding, and evidence inclusion."


