"plan_item_id","title","status","owner","notes"
"P1-001","Repo substrate and bootstrap controls","DONE","paul","Includes BPL-00.1 from ontoForge_90 and ontoForge_91"
"P1-002","Identity contracts and implementation","DONE","paul","Includes TASK-01.1 and TASK-01.2 from ontoForge_90 and ontoForge_91"
"P1-003","Ledger contracts and implementation","DONE","paul","Includes TASK-02.1 and TASK-02.2 from ontoForge_90 and ontoForge_91"
"P1-004","IssuerProof verifier and tests","DONE","paul","Includes TASK-03.1 and TASK-03.2 from ontoForge_90 and ontoForge_91"
"P1-005","Evaluator boundary and enforcement","DONE","paul","Includes TASK-04.1 and TASK-04.2 from ontoForge_90 and ontoForge_91"
"P1-006","Packaging and loader validation","DONE","paul","Includes TASK-05.1 TASK-05.2 TASK-05.3 from ontoForge_90 and ontoForge_91"
"P1-007","Initial release artifacts","DONE","paul","Includes TASK-06.1 and TASK-06.2 from ontoForge_90 and ontoForge_91"
"P1-008","Evidence-pack closure and reporting","DONE","paul","Includes BPL-07.1 from ontoForge_90"
"P1-009","Spec upgrade program contract-first migration","DONE","paul","Wave-1 spec upgrade complete: TASK-09.1..09.4 DONE and EP-09 VERIFIED"
"P1-010","Spec upgrade program wave-2 migration","DONE","paul","Wave-2 complete: TASK-10.1..10.4 DONE and EP-10 VERIFIED"
"P1-011","ontoForge_03 product-spec implementation planning","DONE","paul","W1 complete: TASK-11.1 TASK-11.2 TASK-11.3 DONE and EP-11 VERIFIED"
"P1-012","Boundary objects and load discipline implementation","DONE","paul","W5 complete: TASK-12.1 TASK-12.2 TASK-12.3 TASK-12.4 DONE and EP-12 VERIFIED"
"P1-013","Runtime 1 hardening and support-release engine","DONE","paul","W2 complete: TASK-13.1 TASK-13.2 TASK-13.3 TASK-13.4 DONE and EP-13 VERIFIED"
"P1-014","Runtime 1 hardening completion","DONE","paul","Support ontology tooling hardened: deterministic builds, schema gate, promotion decisions, and hardening addendum complete"
"P1-015","Support ontology full-layer protocol activation and readiness","DONE","paul","SO-W0 protocol activation complete: TASK-15.1..15.5 DONE and EP-15 VERIFIED on 2026-03-07."
"P1-016","Support ontology canonical release composition (SO-W1)","DONE","paul","SO-W1 complete: TASK-16.1..16.3 DONE and EP-16 VERIFIED on 2026-03-07."
"P1-017","Support ontology lifecycle and invariant semantic contracts (SO-W2)","DONE","paul","SO-W2 complete: TASK-17.1 TASK-17.2 TASK-17.3 DONE and EP-17 VERIFIED on 2026-03-07."
"P1-018","Support ontology execution program and addendum alignment","DONE","paul","Program complete: TASK-18.1..18.5 DONE and EP-18 VERIFIED; Runtime 1 canonical payload alignment and Runtime 3 load-binding gate split delivered."
"P1-019","Support ontology compiler vocabulary expansion (SO-W3)","DONE","paul","SO-W3 complete: TASK-19.1..19.5 DONE and EP-19 VERIFIED on 2026-03-07."
"P1-020","Runtime 2 compiler contract baseline (SO-W4)","DONE","paul","SO-W4 complete: TASK-20.1..20.5 DONE and EP-20 VERIFIED on 2026-03-07."
"P1-021","Support ontology validation gate design (SO-W5)","DONE","paul","SO-W5 complete: TASK-21.1..21.5 DONE and EP-21 VERIFIED on 2026-03-07."
"P1-022","Support ontology provenance and traceability semantics (SO-W6)","DONE","paul","SO-W6 complete: TASK-22.1..22.5 DONE and EP-22 VERIFIED on 2026-03-07."
"P1-023","Runtime 2 readiness proof (SO-W7)","DONE","paul","SO-W7 complete: TASK-23.1..23.5 DONE and EP-23 VERIFIED on 2026-03-07."
"P1-024","Support ontology post-review hardening and status normalization","DONE","paul","Review hardening complete: TASK-24.1..24.5 DONE and EP-24 VERIFIED on 2026-03-08."
"P1-025","Support ontology Priority-1 uplift implementation","DONE","paul","Priority-1 uplift complete: TASK-25.1..25.5 DONE and EP-25 VERIFIED on 2026-03-08."
"P1-026","Support ontology Priority-2 uplift implementation","DONE","paul","Priority-2 uplift complete: TASK-26.1..26.5 DONE and EP-26 VERIFIED on 2026-03-08."
"P2-001","Contract baseline review and delta resolution (successor WS-01)","DONE","paul","M1 contract translation complete: TASK-27.1..27.5 DONE and EP-27 VERIFIED on 2026-03-08."
"P2-002","Runtime 1 productization (successor WS-02)","DONE","paul","M2 Runtime 1 productization complete: TASK-28.1..28.3 DONE and EP-28 VERIFIED on 2026-03-08."
"P2-003","Runtime 2 compiler implementation (successor WS-03)","DONE","paul","M3 Runtime 2 compiler baseline complete: TASK-29.1..29.8 DONE and EP-29 VERIFIED on 2026-03-08."
"P2-004","Runtime 3 minimum viable tenant runtime (successor WS-04)","PLANNED","paul","Tenant-scoped runtime baseline for first vertical slice"
"P2-005","Boundary objects and load discipline closure (successor WS-05)","PLANNED","paul","Cross-runtime manifest/dependency/load enforcement closure from approved boundary baseline; no blanket boundary-object rewrite"
"P2-006","First complex vertical slice proof (successor WS-06)","PLANNED","paul","Reproducible and auditable three-runtime proving slice"
