"wp_id","workstream_id","milestone_id","title","status","owner","notes"
"WP-01","WS-01","M1","Implementation contract baseline review","DONE","paul","Review v1 runtime/event/boundary surfaces against P2 scope"
"WP-02","WS-01","M1","P2 contract delta register","DONE","paul","Explicit deltas, ownership, and downstream placement"
"WP-03","WS-01","M1","Targeted addenda resolution","DONE","paul","Prefer narrow addenda over blanket contract rewrites"
"WP-04","WS-01","M1","Tenant scope and handoff rules","DONE","paul","Define missing tenant/runtime handoff contract surface if needed"
"WP-05","WS-02","M2","Runtime 1 service boundary","DONE","paul","Retained Runtime 1 service boundary confirmed sufficient by successor review and closure package."
"WP-06","WS-02","M2","Release candidate evaluation outputs","DONE","paul","Release-candidate evaluation outputs verified as deterministic and evidence-bound in successor review."
"WP-07","WS-02","M2","Evidence-bound release packaging","DONE","paul","Evidence-bound SupportOntologyRelease packaging retained and verified as downstream-loadable."
"WP-08","WS-02","M2","Runtime 1 interface hardening","DONE","paul","Runtime 1 interface hardening retained and confirmed sufficient for first-slice successor closure."
"WP-09","WS-03","M3","Tenant workflow input ingest","PLANNED","paul","Runtime 2 input loading"
"WP-10","WS-03","M3","Admissibility compile gate","PLANNED","paul","Fail-closed compile admission"
"WP-11","WS-03","M3","Compiled primitive generation","PLANNED","paul","Deterministic SCR_TBox generation"
"WP-12","WS-03","M3","Compiler evidence packaging","PLANNED","paul","Compile evidence and release package"
"WP-13","WS-04","M4","Tenant append-only ledger","PLANNED","paul","Tenant-partitioned state surface"
"WP-14","WS-04","M4","Authority and execution event model","PLANNED","paul","Runtime 3 event enforcement model"
"WP-15","WS-04","M4","Deterministic evaluator boundary","PLANNED","paul","Deterministic evaluation boundary"
"WP-16","WS-04","M4","Runtime load and operation flow","PLANNED","paul","Load/execute lifecycle baseline"
"WP-17","WS-05","M5","Tenant-aware manifest completion","PLANNED","paul","Load manifests and tenant scope"
"WP-18","WS-05","M5","Dependency encoding","PLANNED","paul","Cross-runtime dependency chain rules"
"WP-19","WS-05","M5","Loader rejection regression","PLANNED","paul","Negative enforcement fixtures"
"WP-20","WS-05","M5","Promotion/load boundary closure","PLANNED","paul","Promotion and load closure rules"
"WP-21","WS-06","M6","Use-case definition and dataset","PLANNED","paul","Complex proving slice scope and data"
"WP-22","WS-06","M6","End-to-end execution harness","PLANNED","paul","Reproducible run harness"
"WP-23","WS-06","M6","Replay and audit proof pack","PLANNED","paul","Lineage/replay proof artifacts"
"WP-24","WS-06","M6","Closure review","PLANNED","paul","Program closure review artifact"
